Link,Name,Subtitle,Price,Sale Price
https://www.nike.com/in/t/dunk-low-shoes-wbxcmN/DD1873-106,Nike Dunk Low,Women's Shoes,MRP : ₹ 8 295.00,₹ 7 877.00
https://www.nike.com/in/t/dunk-low-shoes-kKHp1z/HF4262-133,Nike Dunk Low,Men's Shoes,MRP : ₹ 9 695.00,₹ 9 207.00
https://www.nike.com/in/t/dunk-low-twist-shoes-V6NqFG/DZ2794-002,Nike Dunk Low Twist,Women's Shoes,MRP : ₹ 9 695.00,₹ 9 207.00
https://www.nike.com/in/t/air-over-oversized-crew-neck-french-terry-sweatshirt-mLdlwB/FN1898-019,Nike Air,Women's Over-Oversized Crew-Neck French Terry Sweatshirt,MRP : ₹ 3 995.00,₹ 3 797.00
https://www.nike.com/in/t/air-jordan-1-mid-se-shoes-qG5ltp/FJ3458-160,Air Jordan 1 Mid SE,Men's Shoes,MRP : ₹ 12 295.00,₹ 11 677.00
https://www.nike.com/in/t/dunk-low-retro-shoes-4vdSPt/FZ1670-001,Nike Dunk Low Retro Premium,Men's Shoes,MRP : ₹ 10 795.00,₹ 10 257.00
https://www.nike.com/in/t/dunk-low-retro-se-shoes-RSrHtr/FJ4188-100,Nike Dunk Low Retro SE,Men's Shoes,MRP : ₹ 10 795.00,₹ 10 257.00
https://www.nike.com/in/t/giannis-immortality-3-ep-basketball-shoes-0dTCk5/DZ7534-102,Giannis Immortality 3 EP,Basketball Shoes,MRP : ₹ 7 095.00,₹ 6 737.00
https://www.nike.com/in/t/air-force-1-07-next-nature-shoes-nCJ6Wb/DV3808-102,Nike Air Force 1 '07 Next Nature,Women's Shoes,MRP : ₹ 9 695.00,₹ 9 207.00
https://www.nike.com/in/t/acg-moc-shoes-cTsP9p/FV4571-300,Nike ACG Moc Premium,Men's Shoes,MRP : ₹ 8 695.00,₹ 8 257.00
https://www.nike.com/in/t/blazer-low-pro-club-shoes-v1TLgx/FJ3694-100,Nike Blazer Low Pro Club,Men's Shoes,MRP : ₹ 8 695.00,₹ 8 257.00
https://www.nike.com/in/t/invincible-3-road-running-shoes-FBZZ59/DR2615-103,Nike Invincible 3,Men's Road Running Shoes,MRP : ₹ 16 995.00,₹ 16 147.00
https://www.nike.com/in/t/sportswear-t-shirt-wRV1S8/FQ3786-020,Nike Sportswear,Men's T-Shirt,MRP : ₹ 2 195.00,₹ 2 087.00
https://www.nike.com/in/t/downshifter-12-road-running-shoes-kQLnZn/DD9293-100,Nike Downshifter 12,Men's Road Running Shoes,MRP : ₹ 3 995.00,₹ 3 797.00
https://www.nike.com/in/t/dunk-low-shoes-3wjGFP/FZ3611-208,Nike Dunk Low,Women's Shoes,MRP : ₹ 9 695.00,₹ 9 207.00
https://www.nike.com/in/t/air-jordan-1-low-se-shoes-WSkjPL/FQ7832-142,Air Jordan 1 Low SE,Men's Shoes,MRP : ₹ 10 295.00,₹ 9 777.00
https://www.nike.com/in/t/dunk-low-shoes-J0nf5G/HF4299-001,Nike Dunk Low,Men's Shoes,MRP : ₹ 11 895.00,₹ 11 297.00
https://www.nike.com/in/t/sportswear-oversized-1-2-zip-crop-fleece-sweatshirt-9J0cm0/FZ4737-410,Nike Sportswear,Women's Oversized 1/2-Zip Crop Fleece Sweatshirt,MRP : ₹ 3 995.00,₹ 3 797.00
https://www.nike.com/in/t/dunk-low-se-shoes-7fnM7D/FD8683-100,Nike Dunk Low SE,Women's Shoes,MRP : ₹ 9 695.00,₹ 9 207.00
https://www.nike.com/in/t/nikecourt-legacy-canvas-shoes-L6X9xF/CZ0294-100,NikeCourt Legacy Canvas,Women's Shoes,MRP : ₹ 3 995.00,₹ 3 797.00
https://www.nike.com/in/t/downshifter-12-road-running-shoes-kQLnZn/DD9293-001,Nike Downshifter 12,Men's Road Running Shoes,MRP : ₹ 3 995.00,₹ 3 797.00
https://www.nike.com/in/t/dunk-low-se-older-shoes-7DM17r/FJ2686-100,Nike Dunk Low SE,Older Kids' Shoes,MRP : ₹ 7 995.00,₹ 7 597.00
https://www.nike.com/in/t/dunk-low-lunar-new-year-older-shoes-z61lmC/FZ5528-101,Nike Dunk Low 'Lunar New Year',Older Kids' Shoes,MRP : ₹ 7 495.00,₹ 7 117.00
https://www.nike.com/in/t/go-flyease-easy-on-off-shoes-3svRCL/DR5540-102,Nike Go FlyEase,Easy On/Off Shoes,MRP : ₹ 11 895.00,₹ 11 297.00
https://www.nike.com/in/t/court-vision-low-next-nature-shoes-h7p8ck/HF1741-001,Nike Court Vision Low Next Nature,Men's Shoes,MRP : ₹ 7 495.00,₹ 7 117.00
https://www.nike.com/in/t/air-force-1-07-shoes-NMmm1B/DD8959-115,Nike Air Force 1 '07,Women's Shoes,MRP : ₹ 8 195.00,₹ 7 787.00
https://www.nike.com/in/t/air-jordan-1-mid-se-older-shoes-ZMGf1Z/FN1353-400,Air Jordan 1 Mid SE,Older Kids' Shoes,MRP : ₹ 8 695.00,₹ 8 257.00
https://www.nike.com/in/t/air-force-1-07-shoes-kv14Mh/FB8251-100,Nike Air Force 1 '07,Women's Shoes,MRP : ₹ 10 795.00,₹ 10 257.00
https://www.nike.com/in/t/flyby-mid-3-basketball-shoes-jFHsxb/DD9311-003,Nike Fly.By Mid 3,Basketball Shoes,MRP : ₹ 4 995.00,₹ 4 747.00
https://www.nike.com/in/t/court-vision-low-next-nature-shoes-tpCsb1/HF1744-101,Nike Court Vision Low Next Nature,Men's Shoes,MRP : ₹ 7 095.00,₹ 6 737.00
https://www.nike.com/in/t/air-max-ap-shoes-3Rdq04/CU4826-001,Nike Air Max AP,Men's Shoes,MRP : ₹ 8 295.00,₹ 7 877.00
https://www.nike.com/in/t/jordan-nu-retro-1-low-shoes-8294mJ/DV5141-006,Jordan Nu Retro 1 Low,Men's Shoes,MRP : ₹ 9 195.00,₹ 8 737.00
https://www.nike.com/in/t/sb-force-58-skate-shoes-LJNW5L/DV5477-003,Nike SB Force 58,Skate Shoes,MRP : ₹ 6 295.00,₹ 5 977.00
https://www.nike.com/in/t/dunk-low-retro-shoe-66RGqF/DD1391-601,Nike Dunk Low Retro,Men's Shoe,MRP : ₹ 8 295.00,₹ 7 877.00
https://www.nike.com/in/t/air-jordan-1-low-se-shoes-m3sXwW/FJ3459-160,Air Jordan 1 Low SE,Men's Shoes,MRP : ₹ 10 295.00,₹ 9 777.00
https://www.nike.com/in/t/air-jordan-1-low-se-shoes-ZbxSRp/FZ5042-041,Air Jordan 1 Low SE,Men's Shoes,MRP : ₹ 10 295.00,₹ 9 777.00
https://www.nike.com/in/t/dunk-low-retro-shoes-69h36X/DV0831-110,Nike Dunk Low Retro,Men's Shoes,MRP : ₹ 8 695.00,₹ 8 257.00
https://www.nike.com/in/t/dunk-low-shoes-4x8b85/FZ4616-600,Nike Dunk Low,Men's Shoes,MRP : ₹ 11 895.00,₹ 11 297.00
https://www.nike.com/in/t/jordan-one-take-5-pf-shoes-jNx9SV/FD2336-100,Jordan One Take 5 PF,Men's Shoes,MRP : ₹ 8 695.00,₹ 8 257.00
https://www.nike.com/in/t/flex-experience-run-12-road-running-shoes-6M54kt/DV0746-101,Nike Flex Experience Run 12,Women's Road Running Shoes,MRP : ₹ 4 995.00,₹ 4 747.00
https://www.nike.com/in/t/luka-2-pf-basketball-shoes-LM9ScX/DX9012-017,Luka 2 PF,Basketball Shoes,MRP : ₹ 11 895.00,₹ 11 297.00
https://www.nike.com/in/t/air-jordan-1-mid-se-shoes-7Z9gTq/FJ3448-001,Air Jordan 1 Mid SE,Women's Shoes,MRP : ₹ 12 295.00,₹ 11 677.00
https://www.nike.com/in/t/vomero-17-road-running-shoes-qXFWTq/FN1139-001,Nike Vomero 17,Men's Road Running Shoes (Extra Wide),MRP : ₹ 14 995.00,₹ 14 247.00
https://www.nike.com/in/t/air-max-intrlk-lite-shoes-VGvvjm/DX3705-001,Nike Air Max INTRLK Lite,Women's Shoes,MRP : ₹ 7 095.00,₹ 6 737.00
https://www.nike.com/in/t/jordan-one-take-5-pf-shoes-jNx9SV/FD2336-006,Jordan One Take 5 PF,Men's Shoes,MRP : ₹ 8 695.00,₹ 8 257.00
https://www.nike.com/in/t/air-jordan-1-mid-older-shoes-wqHdzW/DQ8423-006,Air Jordan 1 Mid,Older Kids' Shoes,MRP : ₹ 7 995.00,₹ 7 597.00
https://www.nike.com/in/t/p-6000-shoes-X54dW2/HF1052-010,Nike P-6000,Shoes,MRP : ₹ 9 695.00,₹ 9 207.00
https://www.nike.com/in/t/air-max-excee-shoe-lPbXqt/CD4165-003,Nike Air Max Excee,Men's Shoe,MRP : ₹ 7 995.00,₹ 7 597.00
https://www.nike.com/in/t/air-force-1-shadow-shoes-mN8Glx/CI0919-116,Nike Air Force 1 Shadow,Women's Shoes,MRP : ₹ 8 995.00,₹ 8 547.00
https://www.nike.com/in/t/dunk-low-shoes-Xw10x1/FB9881-600,Nike Dunk Low,Women's Shoes,MRP : ₹ 8 695.00,₹ 8 257.00
https://www.nike.com/in/t/air-jordan-1-low-older-shoes-0bdZ3H/FV8486-181,Air Jordan 1 Low,Older Kids' Shoes,MRP : ₹ 7 495.00,₹ 7 117.00
https://www.nike.com/in/t/offcourt-adjust-slides-6L2C07/DQ9624-600,Nike Offcourt Adjust,Men's Slides,MRP : ₹ 3 195.00,₹ 3 037.00
https://www.nike.com/in/t/air-force-1-07-shoes-0XGfD7/FJ4146-102,Nike Air Force 1 '07,Men's Shoes,MRP : ₹ 9 695.00,₹ 9 207.00
https://www.nike.com/in/t/nikecourt-legacy-canvas-shoes-L6X9xF/CZ0294-001,NikeCourt Legacy Canvas,Women's Shoes,MRP : ₹ 3 995.00,₹ 3 797.00
https://www.nike.com/in/t/dunk-low-lx-shoes-tV8gJG/FJ2260-004,Nike Dunk Low LX,Women's Shoes,MRP : ₹ 11 895.00,₹ 11 297.00
https://www.nike.com/in/t/air-jordan-1-low-shoes-zTWr01/553558-072,Air Jordan 1 Low,Men's Shoes,MRP : ₹ 8 995.00,₹ 8 547.00
https://www.nike.com/in/t/sb-dunk-low-pro-skate-shoes-7H63Cd/FJ1674-400,Nike SB Dunk Low Pro,Skate Shoes,MRP : ₹ 9 695.00,₹ 9 207.00
https://www.nike.com/in/t/free-rn-nn-road-running-shoes-D64TzS/FB1276-001,Nike Free RN NN,Men's Road Running Shoes,MRP : ₹ 8 695.00,₹ 8 257.00
https://www.nike.com/in/t/air-jordan-1-retro-low-og-chinese-new-year-older-shoes-bl2M5v/FQ6593-100,Air Jordan 1 Retro Low OG Chinese New Year,Older Kids' Shoes,MRP : ₹ 10 295.00,₹ 9 777.00
https://www.nike.com/in/t/air-more-uptempo-96-shoes-x7J3ls/FJ4181-001,Nike Air More Uptempo '96,Men's Shoes,MRP : ₹ 16 995.00,₹ 16 147.00
https://www.nike.com/in/t/invincible-3-road-running-shoes-T8cvrp/DR2615-105,Nike Invincible 3,Men's Road Running Shoes,MRP : ₹ 16 995.00,₹ 16 147.00
https://www.nike.com/in/t/primary-studio-72-dri-fit-short-sleeve-versatile-top-q07hGD/FN3320-338,Nike Primary Studio '72,Men's Dri-FIT Short-Sleeve Versatile Top,MRP : ₹ 3 495.00,₹ 3 317.00
https://www.nike.com/in/t/tanjun-easyon-shoes-GqNnp3/DV7775-101,Nike Tanjun EasyOn,Men's Shoes,MRP : ₹ 5 695.00,₹ 5 407.00
https://www.nike.com/in/t/acg-torre-mid-waterproof-shoes-qNT3xc/FD0212-201,Nike ACG Torre Mid Waterproof,Men's Shoes,MRP : ₹ 14 995.00,₹ 14 247.00
https://www.nike.com/in/t/air-max-1-slides-TSMTS4/DH0295-102,Nike Air Max 1,Men's Slides,MRP : ₹ 6 295.00,₹ 5 977.00
https://www.nike.com/in/t/victori-one-slides-QTTJHP/CN9675-015,Nike Victori One,Men's Slides,MRP : ₹ 2 095.00,₹ 1 987.00
https://www.nike.com/in/t/free-rn-nn-road-running-shoes-D64TzS/FB1276-104,Nike Free RN NN,Men's Road Running Shoes,MRP : ₹ 8 695.00,₹ 8 257.00
https://www.nike.com/in/t/air-jordan-1-mid-shoes-86f1ZW/BQ6472-140,Air Jordan 1 Mid,Women's Shoes,MRP : ₹ 11 495.00,₹ 10 917.00
https://www.nike.com/in/t/air-force-1-07-shoes-7d5sHw/HF4298-100,Nike Air Force 1 '07,Men's Shoes,MRP : ₹ 11 895.00,₹ 11 297.00
https://www.nike.com/in/t/brsb-skate-shoes-RJF3Ss/DH9227-001,Nike BRSB,Skate Shoes,MRP : ₹ 7 495.00,₹ 7 117.00
https://www.nike.com/in/launch/r/FZ2590-100,Nike Air Pegasus 2005,Men's Shoes,MRP : ₹ 14 995.00,₹ 14 247.00
https://www.nike.com/in/t/air-jordan-1-mid-shoes-SQf7DM/DQ8426-103,Air Jordan 1 Mid,Men's Shoes,MRP : ₹ 11 495.00,₹ 10 917.00
https://www.nike.com/in/t/air-jordan-legacy-312-low-shoes-6Vd4Xl/CD7069-106,Air Jordan Legacy 312 Low,Men's Shoes,MRP : ₹ 12 995.00,₹ 12 347.00
https://www.nike.com/in/t/air-jordan-1-low-se-shoes-SXvmZ0/FJ3453-200,Air Jordan 1 Low SE,Women's Shoes,MRP : ₹ 10 295.00,₹ 9 777.00
https://www.nike.com/in/t/air-jordan-1-mid-se-older-shoes-9GGnz5/FN1190-100,Air Jordan 1 Mid SE,Older Kids' Shoes,MRP : ₹ 8 695.00,₹ 8 257.00
https://www.nike.com/in/t/air-more-uptempo-slides-32GKw3/FJ6036-600,Nike Air More Uptempo,Men's Slides,MRP : ₹ 8 495.00,₹ 8 067.00
https://www.nike.com/in/t/air-jordan-1-low-se-older-shoes-Dz1zTq/FJ3465-160,Air Jordan 1 Low SE,Older Kids' Shoes,MRP : ₹ 8 295.00,₹ 7 877.00
https://www.nike.com/in/t/air-vapormax-2023-flyknit-shoes-xjVzw5/DV1678-001,Nike Air VaporMax 2023 Flyknit,Men's Shoes,MRP : ₹ 19 295.00,₹ 18 327.00
https://www.nike.com/in/t/metcon-9-workout-shoes-ldMsxB/DZ2617-102,Nike Metcon 9,Men's Workout Shoes,MRP : ₹ 12 795.00,₹ 12 157.00
https://www.nike.com/in/t/dri-fit-challenger-23cm-unlined-versatile-shorts-SJwWTf/FB8555-010,Nike Dri-FIT Challenger,Men's 23cm (approx.) Unlined Versatile Shorts,MRP : ₹ 2 495.00,₹ 2 367.00
https://www.nike.com/in/t/air-jordan-1-mid-shoes-86f1ZW/BQ6472-130,Air Jordan 1 Mid,Women's Shoes,MRP : ₹ 11 495.00,₹ 10 917.00
https://www.nike.com/in/t/air-jordan-1-mid-se-shoes-fbkFVr/FQ7831-142,Air Jordan 1 Mid SE,Men's Shoes,MRP : ₹ 12 295.00,₹ 11 677.00
https://www.nike.com/in/t/tatum-1-denim-pf-basketball-shoes-z5qKCZ/DZ3321-200,Tatum 1 'Denim' PF,Basketball Shoes,MRP : ₹ 10 795.00,₹ 10 257.00
https://www.nike.com/in/t/air-jordan-i-high-g-golf-shoes-qKzTBg/DQ0660-700,Air Jordan I High G,Men's Golf Shoes,MRP : ₹ 16 995.00,₹ 16 147.00
https://www.nike.com/in/t/air-jordan-1-zoom-cmft-2-shoes-nX8Qqx/DV1307-104,Air Jordan 1 Zoom CMFT 2,Men's Shoes,MRP : ₹ 13 295.00,₹ 12 627.00
https://www.nike.com/in/t/air-jordan-1-mid-older-shoes-wqHdzW/DQ8423-103,Air Jordan 1 Mid,Older Kids' Shoes,MRP : ₹ 7 995.00,₹ 7 597.00
https://www.nike.com/in/t/air-jordan-1-mid-se-shoes-HhrDTz/FB9892-670,Air Jordan 1 Mid SE,Women's Shoes,MRP : ₹ 12 295.00,₹ 11 677.00
https://www.nike.com/in/t/invincible-3-road-running-shoes-T8cvrp/DR2615-403,Nike Invincible 3,Men's Road Running Shoes,MRP : ₹ 16 995.00,₹ 16 147.00
https://www.nike.com/in/t/invincible-3-road-running-shoes-Bkj9VF/FZ3654-053,Nike Invincible 3,Men's Road Running Shoes,MRP : ₹ 17 495.00,₹ 16 617.00
https://www.nike.com/in/t/jordan-essentials-fleece-hoodie-QBT8br/FD7545-091,Jordan Essentials,Men's Fleece Hoodie,MRP : ₹ 3 895.00,₹ 3 697.00
https://www.nike.com/in/t/dunk-high-retro-se-shoes-z329BN/FJ4191-200,Nike Dunk High Retro SE,Men's Shoes,MRP : ₹ 12 295.00,₹ 11 677.00
https://www.nike.com/in/t/swoosh-woven-trousers-DXfL7X/FB7881-010,Nike Swoosh,Men's Woven Trousers,MRP : ₹ 4 995.00,₹ 4 747.00
https://www.nike.com/in/t/air-force-1-shadow-shoes-3d774m/DZ1847-102,Nike Air Force 1 Shadow,Women's Shoes,MRP : ₹ 11 895.00,₹ 11 297.00
https://www.nike.com/in/t/luka-2-pf-basketball-shoes-LM9ScX/DX9012-007,Luka 2 PF,Basketball Shoes,MRP : ₹ 11 895.00,₹ 11 297.00
https://www.nike.com/in/t/air-force-1-mid-evo-shoes-1HPsJQ/FB1374-001,Nike Air Force 1 Mid Evo,Men's Shoes,MRP : ₹ 13 995.00,₹ 13 297.00
https://www.nike.com/in/t/air-jordan-1-mid-se-older-shoes-kDH62j/FN7432-141,Air Jordan 1 Mid SE,Older Kids' Shoes,MRP : ₹ 8 695.00,₹ 8 257.00
https://www.nike.com/in/t/tiempo-legend-10-academy-low-top-football-shoes-2gKwhN/DV4342-040,Nike Tiempo Legend 10 Academy,Turf Low-Top Football Shoes,MRP : ₹ 7 495.00,₹ 7 117.00
https://www.nike.com/in/t/air-jordan-1-mid-se-shoes-4wVkRK/FN5031-100,Air Jordan 1 Mid SE,Women's Shoes,MRP : ₹ 12 295.00,₹ 11 677.00
https://www.nike.com/in/t/jordan-stadium-90-shoes-vnsjwJ/HF5258-002,Jordan Stadium 90,Men's Shoes,MRP : ₹ 12 795.00,₹ 12 157.00
https://www.nike.com/in/t/phantom-luna-elite-high-top-football-boot-D5Klmn/FN8405-300,Nike Phantom Luna Elite,Firm-Ground High-Top Football Boot,MRP : ₹ 23 795.00,₹ 22 607.00
https://www.nike.com/in/t/sb-dunk-high-pro-skate-shoes-MznD12/FN5107-700,Nike SB Dunk High Pro,Skate Shoes,MRP : ₹ 10 795.00,₹ 10 257.00
https://www.nike.com/in/t/terminator-high-shoes-KBzHKT/FJ4198-001,Nike Terminator High,Men's Shoes,MRP : ₹ 12 795.00,₹ 12 157.00
https://www.nike.com/in/t/air-jordan-1-mid-se-shoes-v8XHxD/FN5215-141,Air Jordan 1 Mid SE,Men's Shoes,MRP : ₹ 12 295.00,₹ 11 677.00
https://www.nike.com/in/t/air-jordan-1-elevate-high-shoes-rKPNHR/DN3253-114,Air Jordan 1 Elevate High,Women's Shoes,MRP : ₹ 14 195.00,₹ 13 487.00
https://www.nike.com/in/t/running-division-repel-18cm-2-in-1-running-shorts-74z007/FB8545-010,Nike Running Division Repel,Men's 18cm (approx.) 2-in-1 Running Shorts,MRP : ₹ 3 595.00,₹ 3 417.00
https://www.nike.com/in/t/dri-fit-standard-issue-pullover-basketball-hoodie-RJnLjp/FB7138-010,Nike Dri-FIT Standard Issue,Men's Pullover Basketball Hoodie,MRP : ₹ 5 495.00,₹ 5 217.00
https://www.nike.com/in/t/sportswear-tech-fleece-re-imagined-loose-fit-open-hem-tracksuit-bottoms-H97vvR/FB8164-010,Nike Sportswear Tech Fleece Re-Imagined,Men's Loose Fit Open Hem Tracksuit Bottoms,MRP : ₹ 8 295.00,₹ 7 877.00
https://www.nike.com/in/t/windrunner-running-energy-repel-running-jacket-H2fK7s/FN3306-010,Nike Windrunner Running Energy,Men's Repel Running Jacket,MRP : ₹ 7 295.00,₹ 6 927.00
https://www.nike.com/in/t/air-max-270-shoes-2V5C4p/AH8050-100,Nike Air Max 270,Men's Shoes,MRP : ₹ 13 995.00,₹ 13 297.00
https://www.nike.com/in/t/one-older-dri-fit-short-sleeve-training-top-gBVNcB/DD7639-010,Nike One,Older Kids' (Girls') Dri-FIT Short-Sleeve Training Top,MRP : ₹ 1 395.00,₹ 1 327.00
https://www.nike.com/in/t/star-runner-3-shoes-7321HF/DA2778-601,Nike Star Runner 3,Baby/Toddler Shoes,MRP : ₹ 2 995.00,₹ 2 847.00
https://www.nike.com/in/t/air-zoom-victory-tour-3-golf-shoes-5X9wGF/DX9025-101,Nike Air Zoom Victory Tour 3,Golf Shoes (Wide),MRP : ₹ 16 995.00,₹ 16 147.00
https://www.nike.com/in/t/vaporfly-3-road-racing-shoes-wdmHPR/DV4130-002,Nike Vaporfly 3,Women's Road Racing Shoes,MRP : ₹ 20 695.00,₹ 19 657.00
https://www.nike.com/in/t/zoom-bella-6-workout-shoes-PX75xS/DR5720-602,Nike Zoom Bella 6,Women's Workout Shoes,MRP : ₹ 7 495.00,₹ 7 117.00
https://www.nike.com/in/t/sportswear-t-shirt-wRV1S8/FQ3786-010,Nike Sportswear,Men's T-Shirt,MRP : ₹ 2 195.00,₹ 2 087.00
https://www.nike.com/in/t/full-force-low-shoes-w2MKmW/FB1362-103,Nike Full Force Low,Men's Shoes,MRP : ₹ 8 495.00,₹ 8 067.00
https://www.nike.com/in/t/infinityrn-4-road-running-shoes-PW22k8/DR2670-003,Nike InfinityRN 4,Women's Road Running Shoes,MRP : ₹ 14 995.00,₹ 14 247.00
https://www.nike.com/in/t/air-max-systm-shoes-hLmQ85/DM9537-103,Nike Air Max SYSTM,Men's Shoes,MRP : ₹ 8 595.00,₹ 8 167.00
https://www.nike.com/in/t/life-carpenter-trousers-cK2f7Q/FB7199-010,Nike Life,Men's Carpenter Trousers,MRP : ₹ 5 995.00,₹ 5 697.00
https://www.nike.com/in/t/motiva-walking-shoes-dCcsVX/DV1238-009,Nike Motiva,Women's Walking Shoes,MRP : ₹ 9 695.00,₹ 9 207.00
https://www.nike.com/in/t/sportswear-french-terry-crew-neck-crop-top-QCw7QT/FB8265-010,Nike Sportswear,Women's French Terry Crew-Neck Crop Top,MRP : ₹ 3 495.00,₹ 3 317.00
https://www.nike.com/in/t/vapor-15-academy-mercurial-dream-speed-tf-low-top-football-shoes-Tg5mK9/FJ7191-300,Nike Vapor 15 Academy Mercurial Dream Speed,TF Low-Top Football Shoes,MRP : ₹ 8 495.00,₹ 8 067.00
https://www.nike.com/in/t/dri-fit-trail-running-trousers-zbtXQH/DX0856-010,Nike Dri-FIT,Men's Trail-Running Trousers,MRP : ₹ 5 695.00,₹ 5 407.00
https://www.nike.com/in/t/air-zoom-tr-1-workout-shoes-Zq4r1h/DX9016-400,Nike Air Zoom TR 1,Men's Workout Shoes,MRP : ₹ 10 795.00,₹ 10 257.00
https://www.nike.com/in/t/sb-vertebrae-shoes-Zlnwhs/FD4691-101,Nike SB Vertebrae,Men's Shoes,MRP : ₹ 7 495.00,₹ 7 117.00
https://www.nike.com/in/t/one-classic-dri-fit-short-sleeve-cropped-twist-top-3hW7tp/FN2852-208,Nike One Classic,Women's Dri-FIT Short-Sleeve Cropped Twist Top,MRP : ₹ 1 995.00,₹ 1 897.00
https://www.nike.com/in/t/dri-fit-academy23-football-tracksuit-9WBmXk/DX5480-016,Nike Dri-FIT Academy23,Kids' Football Tracksuit,MRP : ₹ 3 695.00,₹ 3 507.00
https://www.nike.com/in/t/air-force-1-07-next-nature-shoes-nCJ6Wb/DV3808-101,Nike Air Force 1 '07 Next Nature,Women's Shoes,MRP : ₹ 9 695.00,₹ 9 207.00
https://www.nike.com/in/t/sportswear-older-oversized-t-shirt-Vzh6CL/FN9692-629,Nike Sportswear,Older Kids' (Girls') Oversized T-Shirt,MRP : ₹ 1 795.00,₹ 1 707.00
https://www.nike.com/in/t/zoom-gp-challenge-1-hard-court-tennis-shoes-GkKp0d/FB3147-102,Nike Zoom GP Challenge 1,Men's Hard Court Tennis Shoes,MRP : ₹ 13 995.00,₹ 13 297.00
https://www.nike.com/in/t/memphis-grizzlies-association-edition-2022-23-dri-fit-nba-swingman-jersey-Nv9Rct/DN2082-100,Memphis Grizzlies Association Edition 2022/23,Men's Nike Dri-FIT NBA Swingman Jersey,MRP : ₹ 5 995.00,₹ 5 697.00
https://www.nike.com/in/t/paris-saint-germain-2023-24-stadium-home-away-dri-fit-football-shorts-gjSgwt/DX2716-100,Paris Saint-Germain 2023/24 Stadium Home/Away,Men's Nike Dri-FIT Football Shorts,MRP : ₹ 2 795.00,₹ 2 657.00
https://www.nike.com/in/t/jordan-flight-mvp-woven-trousers-NxnjPG/FN4609-244,Jordan Flight MVP,Men's Woven Trousers,MRP : ₹ 4 495.00,₹ 4 267.00
https://www.nike.com/in/t/air-t-shirt-J69N9W/FD2564-010,Nike Air,Women's T-shirt,MRP : ₹ 2 595.00,₹ 2 467.00
https://www.nike.com/in/t/sportswear-reversible-faux-fur-bomber-jacket-Vw2DkW/FB8693-010,Nike Sportswear,Women's Reversible Faux Fur Bomber Jacket,MRP : ₹ 9 995.00,₹ 9 497.00
https://www.nike.com/in/t/jordan-heritage-t-shirt-KWjP5M/FN5424-063,Jordan Heritage,Women's T-shirt,MRP : ₹ 2 295.00,₹ 2 177.00
https://www.nike.com/in/t/club-older-cap-FHPrHr/FZ0831-617,Nike Club,Older Kids' Cap,MRP : ₹ 995.00,₹ 947.00
https://www.nike.com/in/t/air-max-sc-shoes-fXnWkP/FZ3623-100,Nike Air Max SC,Women's Shoes,MRP : ₹ 7 095.00,₹ 6 737.00
https://www.nike.com/in/t/zoom-fly-5-road-running-shoes-3sF4CW/DM8974-001,Nike Zoom Fly 5,Women's Road Running Shoes,MRP : ₹ 14 995.00,₹ 14 247.00
https://www.nike.com/in/t/air-humara-shoes-h18PS7/FJ7108-300,Nike Air Humara,Men's Shoes,MRP : ₹ 15 995.00,₹ 15 197.00
https://www.nike.com/in/t/ja-dri-fit-basketball-t-shirt-Vj6TRv/FQ4911-010,JA,Men's Nike Dri-FIT Basketball T-shirt,MRP : ₹ 2 495.00,₹ 2 367.00
https://www.nike.com/in/t/zion-3-mud-light-bone-pf-basketball-shoes-gTv8md/FN1778-040,"Zion 3 M.U.D. ""Light Bone"" PF",Basketball Shoes,MRP : ₹ 13 995.00,₹ 13 297.00
https://www.nike.com/in/t/sportswear-club-fleece-older-sweatshirt-vdmWsx/FD3006-377,Nike Sportswear Club Fleece,Older Kids' Sweatshirt,MRP : ₹ 1 995.00,₹ 1 897.00
https://www.nike.com/in/t/sportswear-phoenix-fleece-over-oversized-crew-neck-sweatshirt-gGzPT0/DQ5762-019,Nike Sportswear Phoenix Fleece,Women's Over-Oversized Crew-Neck Sweatshirt,MRP : ₹ 3 795.00,₹ 3 607.00
https://www.nike.com/in/t/acg-moc-shoes-cTsP9p/FV4571-200,Nike ACG Moc Premium,Men's Shoes,MRP : ₹ 8 695.00,₹ 8 257.00
https://www.nike.com/in/t/tank-WVt89h/DR2556-010,Nike (M),Women's Tank (Maternity),MRP : ₹ 2 495.00,₹ 2 367.00
https://www.nike.com/in/t/air-max-270-go-easy-on-off-shoes-zNkHjH/FV0562-400,Nike Air Max 270 Go,Baby/Toddler Easy On/Off Shoes,MRP : ₹ 7 495.00,₹ 7 117.00
https://www.nike.com/in/t/air-force-1-older-shoes-pPqnSp/FZ3552-612,Nike Air Force 1,Older Kids' Shoes,MRP : ₹ 7 995.00,₹ 7 597.00
https://www.nike.com/in/t/star-runner-4-nn-younger-shoes-LlHqf6/DZ4491-400,Nike Star Runner 4 NN,Younger Kids' Shoes,MRP : ₹ 4 095.00,₹ 3 887.00
https://www.nike.com/in/t/sportswear-essential-mid-rise-trousers-NST6cV/DM6184-104,Nike Sportswear Essential,Women's Mid-Rise Trousers,MRP : ₹ 4 295.00,₹ 4 077.00
https://www.nike.com/in/t/brasilia-jdi-mini-backpack-G1J6KC/DQ5340-407,Nike Brasilia JDI,Kids' Mini Backpack (11L),MRP : ₹ 2 695.00,₹ 2 557.00
https://www.nike.com/in/t/impact-4-basketball-shoes-CcJxBx/DM1124-302,Nike Impact 4,Basketball Shoes,MRP : ₹ 8 495.00,₹ 8 067.00
https://www.nike.com/in/t/sportswear-older-woven-shorts-Ww1xVb/DO6582-084,Nike Sportswear,Older Kids' (Boys') Woven Shorts,MRP : ₹ 1 695.00,₹ 1 607.00
https://www.nike.com/in/t/force-1-low-easyon-shoes-QFMDhc/FQ6949-001,Nike Force 1 Low EasyOn,Baby/Toddler Shoes,MRP : ₹ 5 695.00,₹ 5 407.00
https://www.nike.com/in/t/dna-dri-fit-15cm-basketball-shorts-qLn3pp/FN2692-011,Nike DNA,Men's Dri-FIT 15cm (approx.) Basketball Shorts,MRP : ₹ 2 995.00,₹ 2 847.00
https://www.nike.com/in/t/air-jordan-xxxviii-low-pf-basketball-shoes-2lBnKn/FD2325-101,Air Jordan XXXVIII Low PF,Basketball Shoes,MRP : ₹ 17 295.00,₹ 16 427.00
https://www.nike.com/in/t/dna-dri-fit-20cm-basketball-shorts-4bRgc2/FN2652-121,Nike DNA,Men's Dri-FIT 20cm (approx.) Basketball Shorts,MRP : ₹ 2 495.00,₹ 2 367.00
https://www.nike.com/in/t/acg-icon-fleece-older-pullover-hoodie-fQDL4M/FB4343-809,Nike ACG Icon Fleece,Older Kids' Pullover Hoodie,MRP : ₹ 3 895.00,₹ 3 697.00
https://www.nike.com/in/t/blazer-mid-77-vintage-shoe-QzbLXN/DV7006-100,Nike Blazer Mid '77 Vintage,Women's Shoes,MRP : ₹ 9 695.00,₹ 9 207.00
https://www.nike.com/in/t/fc-barcelona-2023-24-stadium-third-dri-fit-football-shirt-SrT7RT/DX9833-487,F.C. Barcelona 2023/24 Stadium Third,Women's Nike Dri-FIT Football Shirt,MRP : ₹ 4 695.00,₹ 4 457.00
https://www.nike.com/in/t/gt-cut-academy-ep-basketball-shoes-DTdMPk/FB2598-004,Nike G.T. Cut Academy EP,Basketball Shoes,MRP : ₹ 8 495.00,₹ 8 067.00
https://www.nike.com/in/t/air-jordan-xxxviii-older-shoes-69P5Hc/DZ3499-100,Air Jordan XXXVIII,Older Kids' Shoes,MRP : ₹ 11 195.00,₹ 10 637.00
https://www.nike.com/in/t/universa-support-high-waisted-7-8-printed-leggings-with-pockets-d9cGNp/FN4171-010,Nike Universa,Women's Medium-Support High-Waisted 7/8 Printed Leggings with Pockets,MRP : ₹ 5 795.00,₹ 5 507.00
https://www.nike.com/in/t/dunk-low-older-shoes-C7T1cx/FB9109-002,Nike Dunk Low,Older Kids' Shoes,MRP : ₹ 6 995.00,₹ 6 647.00
https://www.nike.com/in/t/life-fatigue-trousers-03hhQ9/FV5534-222,Nike Life,Men's Fatigue Trousers,MRP : ₹ 6 495.00,₹ 6 167.00
https://www.nike.com/in/t/paris-saint-germain-strike-third-jordan-dri-fit-football-knit-shorts-8Xz0Cc/DZ0863-010,Paris Saint-Germain Strike Third,Men's Jordan Dri-FIT Football Knit Shorts,MRP : ₹ 2 795.00,₹ 2 657.00
https://www.nike.com/in/t/gt-cut-3-ep-basketball-shoes-DGJp2L/DV2918-400,Nike G.T. Cut 3 EP,Basketball Shoes,MRP : ₹ 17 495.00,₹ 16 617.00
https://www.nike.com/in/t/one-classic-dri-fit-short-sleeve-cropped-twist-top-3hW7tp/FN2852-675,Nike One Classic,Women's Dri-FIT Short-Sleeve Cropped Twist Top,MRP : ₹ 1 995.00,₹ 1 897.00
https://www.nike.com/in/t/club-fleece-long-sleeve-crew-neck-sweatshirt-zQgDT8/FV4446-100,Nike Club Fleece,Men's Long-Sleeve Crew-Neck Sweatshirt,MRP : ₹ 3 795.00,₹ 3 607.00
https://www.nike.com/in/t/jordan-fly-jumpman-hat-TwjJzH/FV5297-100,Jordan Fly,Jumpman Hat,MRP : ₹ 1 595.00,₹ 1 517.00
https://www.nike.com/in/t/life-short-sleeve-knit-top-J6jJTz/FN2646-247,Nike Life,Men's Short-Sleeve Knit Top,MRP : ₹ 3 495.00,₹ 3 317.00
https://www.nike.com/in/t/acg-shorts-tkCpjB/DV9536-010,Nike ACG,Women's Shorts,MRP : ₹ 3 695.00,₹ 3 507.00
https://www.nike.com/in/t/sunray-protect-2-sandals-VjS6fW/943827-501,Nike Sunray Protect 2,Baby/Toddler Sandals,MRP : ₹ 2 495.00,₹ 2 367.00
https://www.nike.com/in/t/superfly-9-academy-mercurial-dream-speed-tf-high-top-football-shoes-WZK08G/FJ7199-300,Nike Superfly 9 Academy Mercurial Dream Speed,TF High-Top Football Shoes,MRP : ₹ 8 995.00,₹ 8 547.00
https://www.nike.com/in/t/phantom-gx-2-academy-mg-low-top-football-boot-9pj0JD/FD6723-100,Nike Phantom GX 2 Academy,MG Low-Top Football Boot,MRP : ₹ 7 995.00,₹ 7 597.00
https://www.nike.com/in/t/sportswear-amplify-older-t-shirt-L8PSlC/FN9604-476,Nike Sportswear Amplify,Older Kids' T-Shirt,MRP : ₹ 1 295.00,₹ 1 227.00
https://www.nike.com/in/t/jordan-flight-fleece-shorts-79mmdN/DQ7472-092,Jordan Flight Fleece,Men's Shorts,MRP : ₹ 3 695.00,₹ 3 507.00
https://www.nike.com/in/t/club-unstructured-futura-wash-cap-kXGcTl/FB5368-011,Nike Club,Unstructured Futura Wash Cap,MRP : ₹ 1 195.00,₹ 1 137.00
https://www.nike.com/in/t/culture-of-basketball-older-reversible-basketball-jersey-7QQ93L/FD4010-010,Nike Culture of Basketball,Older Kids' Reversible Basketball Jersey,MRP : ₹ 2 495.00,₹ 2 367.00
https://www.nike.com/in/t/zenvy-gentle-support-high-waisted-full-length-leggings-5ldftH/DQ6014-441,Nike Zenvy,Women's Gentle-Support High-Waisted Full-Length Leggings,MRP : ₹ 5 495.00,₹ 5 217.00
https://www.nike.com/in/t/sportswear-reversible-faux-fur-bomber-jacket-Vw2DkW/FB8693-133,Nike Sportswear,Women's Reversible Faux Fur Bomber Jacket,MRP : ₹ 9 995.00,₹ 9 497.00
https://www.nike.com/in/t/jordan-hex-slides-bmXBbr/DQ8992-601,Jordan Hex,Women's Slides,MRP : ₹ 4 195.00,₹ 3 987.00
https://www.nike.com/in/t/universa-support-high-waisted-7-8-leggings-with-pockets-SbVqz2/DV4898-010,Nike Universa,Women's Medium-Support High-Waisted 7/8 Leggings with Pockets (Plus Size),MRP : ₹ 5 495.00,₹ 5 217.00
https://www.nike.com/in/t/revolution-7-road-running-shoes-dC34tK/FB2207-006,Nike Revolution 7,Men's Road Running Shoes,MRP : ₹ 3 695.00,₹ 3 507.00
https://www.nike.com/in/t/tatum-1-shoes-ctgGHW/DX5358-200,Tatum 1,Baby/Toddler Shoes,MRP : ₹ 3 995.00,₹ 3 797.00
https://www.nike.com/in/t/jordan-stay-loyal-3-shoes-GNHN2X/FB1396-071,Jordan Stay Loyal 3,Men's shoes,MRP : ₹ 10 295.00,₹ 9 777.00
https://www.nike.com/in/t/team-hustle-d-11-older-basketball-shoes-TBQxXL/DV8996-401,Nike Team Hustle D 11,Older Kids' Basketball Shoes,MRP : ₹ 4 995.00,₹ 4 747.00
https://www.nike.com/in/t/lebron-nxxt-gen-ampd-ep-basketball-shoes-G2Xh7F/FJ1567-100,LeBron NXXT Gen AMPD EP,Basketball Shoes,MRP : ₹ 14 995.00,₹ 14 247.00
https://www.nike.com/in/t/air-huarache-runner-shoes-6gNJ0g/DZ3306-101,Nike Air Huarache Runner,Men's Shoes,MRP : ₹ 12 795.00,₹ 12 157.00
https://www.nike.com/in/t/air-jordan-xxxviii-lunar-new-year-pf-basketball-shoes-vpjNdM/FQ8896-600,Air Jordan XXXVIII Lunar New Year PF,Basketball Shoes,MRP : ₹ 18 395.00,₹ 17 477.00
https://www.nike.com/in/t/gt-cut-academy-ep-basketball-shoes-DTdMPk/FB2598-001,Nike G.T. Cut Academy EP,Basketball Shoes,MRP : ₹ 8 495.00,₹ 8 067.00
https://www.nike.com/in/t/zoom-superfly-elite-2-athletics-sprinting-spikes-bDFmq0/CD4382-400,Nike Zoom Superfly Elite 2,Athletics Sprinting Spikes,MRP : ₹ 13 995.00,₹ 13 297.00
https://www.nike.com/in/t/challenger-dri-fit-23cm-unlined-running-shorts-cmp3V3/FN8524-010,Nike Challenger,Men's Dri-FIT 23cm (approx.) Unlined Running Shorts,MRP : ₹ 2 395.00,₹ 2 277.00
https://www.nike.com/in/t/bella-kai-flip-flops-068n85/AO3622-002,Nike Bella Kai,Women's Flip-Flops,MRP : ₹ 1 995.00,₹ 1 897.00
https://www.nike.com/in/t/swoosh-support-padded-monogram-sports-bra-vwTtzd/FN2738-237,Nike Swoosh Medium-Support,Women's Padded Monogram Sports Bra,MRP : ₹ 2 695.00,₹ 2 557.00
https://www.nike.com/in/t/dri-fit-all-over-print-short-sleeve-yoga-top-fHz8s2/DX0923-015,Nike Dri-FIT,Men's All-Over Print Short-Sleeve Yoga Top,MRP : ₹ 3 695.00,₹ 3 507.00
https://www.nike.com/in/t/zoom-vomero-5-shoes-0MrckK/FQ8174-237,Nike Zoom Vomero 5 Premium,Shoes,MRP : ₹ 16 995.00,₹ 16 147.00
https://www.nike.com/in/t/nikecourt-slam-top-4f67sB/FD5196-113,NikeCourt Slam,Men's Top,MRP : ₹ 4 695.00,₹ 4 457.00
https://www.nike.com/in/t/air-zoom-tr-1-workout-shoes-Zq4r1h/DX9016-002,Nike Air Zoom TR 1,Men's Workout Shoes,MRP : ₹ 10 795.00,₹ 10 257.00
https://www.nike.com/in/t/infinityrn-4-road-running-shoes-xhpmN7/DR2670-102,Nike InfinityRN 4,Women's Road Running Shoes,MRP : ₹ 14 995.00,₹ 14 247.00
https://www.nike.com/in/t/air-max-bliss-shoes-NKLwJg/FN3863-300,Nike Air Max Bliss,Women's Shoes,MRP : ₹ 13 995.00,₹ 13 297.00
https://www.nike.com/in/t/structure-25-road-running-shoes-pxbP4c/FN7996-001,Nike Structure 25,Women's Road Running Shoes (Extra Wide),MRP : ₹ 11 895.00,₹ 11 297.00
https://www.nike.com/in/t/air-max-90-shoes-8gM9Hn/FJ3208-001,Nike Air Max 90,Women's Shoes,MRP : ₹ 13 995.00,₹ 13 297.00
https://www.nike.com/in/t/paris-saint-germain-2023-24-stadium-home-dri-fit-football-shirt-qFkdtK/DX2694-411,Paris Saint-Germain 2023/24 Stadium Home,Men's Nike Dri-FIT Football Shirt,MRP : ₹ 4 695.00,₹ 4 457.00
https://www.nike.com/in/t/air-max-97-shoes-EBZrb8/921826-203,Nike Air Max 97,Men's Shoes,MRP : ₹ 16 995.00,₹ 16 147.00
https://www.nike.com/in/t/jr-phantom-luna-2-club-younger-older-tf-high-top-football-shoes-FjRrM6/FJ2607-100,Nike Jr. Phantom Luna 2 Club,Younger/Older Kids' TF High-Top Football Shoes,MRP : ₹ 4 995.00,₹ 4 747.00
https://www.nike.com/in/t/air-max-pulse-shoes-QShhG8/DR0453-005,Nike Air Max Pulse,Men's Shoes,MRP : ₹ 13 995.00,₹ 13 297.00
https://www.nike.com/in/t/air-max-270-shoes-7nlkr3/FZ3624-100,Nike Air Max 270,Women's Shoes,MRP : ₹ 14 995.00,₹ 14 247.00
https://www.nike.com/in/t/acg-older-t-shirt-shCvL8/FN9677-010,Nike ACG,Older Kids' T-Shirt,MRP : ₹ 1 795.00,₹ 1 707.00
https://www.nike.com/in/t/apex-swoosh-bucket-hat-dw79Ss/FB5382-276,Nike Apex,Swoosh Bucket Hat,MRP : ₹ 1 595.00,₹ 1 517.00
https://www.nike.com/in/t/zoom-vomero-5-shoes-pTGjFN/FQ7079-700,Nike Zoom Vomero 5,Women's Shoes,MRP : ₹ 14 995.00,₹ 14 247.00
https://www.nike.com/in/t/jordan-fly-jumpman-hat-TwjJzH/FV5297-010,Jordan Fly,Jumpman Hat,MRP : ₹ 1 595.00,₹ 1 517.00
https://www.nike.com/in/t/air-jordan-1-elevate-low-shoes-XlkVrM/DH7004-007,Air Jordan 1 Elevate Low,Women's Shoes,MRP : ₹ 11 895.00,₹ 11 297.00
https://www.nike.com/in/t/victori-one-slides-QTTJHP/CN9675-600,Nike Victori One,Men's Slides,MRP : ₹ 2 095.00,₹ 1 987.00
https://www.nike.com/in/t/fc-barcelona-2023-24-stadium-third-dri-fit-football-shirt-MzFz0J/DX9820-487,F.C. Barcelona 2023/24 Stadium Third,Men's Nike Dri-FIT Football Shirt,MRP : ₹ 4 695.00,₹ 4 457.00
https://www.nike.com/in/t/air-force-1-pltaform-shoes-pNLDVM/FJ2986-100,Nike Air Force 1 PLT.AF.ORM,Women's Shoes,MRP : ₹ 10 795.00,₹ 10 257.00
https://www.nike.com/in/t/dunk-low-younger-shoes-XLSZqJ/FB9108-101,Nike Dunk Low,Younger Kids' Shoes,MRP : ₹ 5 995.00,₹ 5 697.00
https://www.nike.com/in/t/dri-fit-fitness-t-shirt-FQDWBS/FQ3881-068,Nike,Men's Dri-FIT Fitness T-Shirt,MRP : ₹ 2 495.00,₹ 2 367.00
https://www.nike.com/in/t/air-force-1-07-next-nature-shoes-nCJ6Wb/DV3808-103,Nike Air Force 1 '07 Next Nature,Women's Shoes,MRP : ₹ 9 695.00,₹ 9 207.00
https://www.nike.com/in/t/air-force-1-lv8-older-shoes-kh0728/DZ2663-001,Nike Air Force 1 LV8,Older Kids' Shoes,MRP : ₹ 7 995.00,₹ 7 597.00
https://www.nike.com/in/t/dri-fit-ready-short-sleeve-fitness-top-nvkds0/DV9816-084,Nike Dri-FIT Ready,Men's Short-Sleeve Fitness Top,MRP : ₹ 2 495.00,₹ 2 367.00
https://www.nike.com/in/t/react-gato-indoor-court-low-top-football-shoes-pQBhgB/CT0550-600,Nike React Gato,Indoor Court Low-Top Football Shoes,MRP : ₹ 11 995.00,₹ 11 397.00
https://www.nike.com/in/t/dynamo-2-easyon-shoes-lmGSBM/FD0554-002,Nike Dynamo 2 EasyOn,Baby/Toddler Shoes,MRP : ₹ 4 295.00,₹ 4 077.00
https://www.nike.com/in/t/sportswear-t-shirt-MV5kVX/FZ4859-100,Nike Sportswear,Men's T-Shirt,MRP : ₹ 2 495.00,₹ 2 367.00
https://www.nike.com/in/t/acg-aysen-day-pack-2XPr4k/DV4054-338,Nike ACG Aysén,Day Pack (32L),MRP : ₹ 10 995.00,₹ 10 447.00
https://www.nike.com/in/t/cosmic-unity-3-basketball-shoes-hcwmW0/DV2757-601,Cosmic Unity 3,Basketball Shoes,MRP : ₹ 13 995.00,₹ 13 297.00
https://www.nike.com/in/t/dunk-low-se-shoes-7fnM7D/FD8683-700,Nike Dunk Low SE,Women's Shoes,MRP : ₹ 9 695.00,₹ 9 207.00
https://www.nike.com/in/t/trail-repel-running-jacket-l9rpgQ/FN6854-104,Nike Trail,Women's Repel Running Jacket,MRP : ₹ 5 995.00,₹ 5 697.00
https://www.nike.com/in/t/jordan-sport-13cm-shorts-0TXVvD/FB4623-681,Jordan Sport,Women's 13cm (approx.) Shorts,MRP : ₹ 2 195.00,₹ 2 087.00
https://www.nike.com/in/t/metcon-9-workout-shoes-ldMsxB/DZ2617-002,Nike Metcon 9,Men's Workout Shoes,MRP : ₹ 12 795.00,₹ 12 157.00
https://www.nike.com/in/t/cosmic-unity-3-basketball-shoes-hcwmW0/DV2757-006,Cosmic Unity 3,Basketball Shoes,MRP : ₹ 13 995.00,₹ 13 297.00
https://www.nike.com/in/t/air-long-sleeve-top-92NlpZ/FN1912-675,Nike Air,Women's Long-Sleeve Top,MRP : ₹ 3 095.00,₹ 2 937.00
https://www.nike.com/in/t/zion-3-pf-basketball-shoes-vTjpz4/DR0676-110,Zion 3 PF,Basketball Shoes,MRP : ₹ 12 795.00,₹ 12 157.00
https://www.nike.com/in/t/phantom-luna-2-academy-tf-high-top-football-shoes-BmGW0z/FJ2566-001,Nike Phantom Luna 2 Academy,TF High-Top Football Shoes,MRP : ₹ 8 995.00,₹ 8 547.00
https://www.nike.com/in/t/sb-chron-2-skate-shoe-vNX1Xx/DM3493-006,Nike SB Chron 2,Skate Shoe,MRP : ₹ 5 495.00,₹ 5 217.00
https://www.nike.com/in/t/acg-goat-rocks-dri-fit-adv-uv-short-sleeve-top-DqFhXq/FN8412-510,Nike ACG 'Goat Rocks',Men's Dri-FIT ADV UV Short-Sleeve Top,MRP : ₹ 2 995.00,₹ 2 847.00
https://www.nike.com/in/t/jordan-dri-fit-club-unstructured-curved-bill-cap-0mrmGS/FN4675-687,Jordan Dri-FIT Club,Unstructured Curved Bill Cap,MRP : ₹ 1 695.00,₹ 1 607.00
https://www.nike.com/in/t/jordan-flight-mvp-pro-structured-cap-GTDpwW/FV5299-005,Jordan Flight MVP Pro,Structured Cap,MRP : ₹ 1 995.00,₹ 1 897.00
https://www.nike.com/in/t/jordan-dri-fit-sport-golf-polo-56P1K3/FN5852-754,Jordan Dri-FIT Sport,Men's Golf Polo,MRP : ₹ 3 295.00,₹ 3 127.00
https://www.nike.com/in/t/air-max-1-se-easyon-shoes-pwJB3S/FJ3287-200,Nike Air Max 1 SE EasyOn,Baby/Toddler Shoes,MRP : ₹ 6 295.00,₹ 5 977.00
https://www.nike.com/in/t/downshifter-12-road-running-shoes-NxhwFD/DD9294-001,Nike Downshifter 12,Women's Road Running Shoes,MRP : ₹ 3 995.00,₹ 3 797.00
https://www.nike.com/in/t/jordan-flight-mvp-pro-structured-cap-GTDpwW/FV5299-005,Jordan Flight MVP Pro,Structured Cap,MRP : ₹ 1 995.00,₹ 1 897.00
https://www.nike.com/in/t/jordan-dri-fit-sport-golf-polo-56P1K3/FN5852-754,Jordan Dri-FIT Sport,Men's Golf Polo,MRP : ₹ 3 295.00,₹ 3 127.00
https://www.nike.com/in/t/air-max-1-se-easyon-shoes-pwJB3S/FJ3287-200,Nike Air Max 1 SE EasyOn,Baby/Toddler Shoes,MRP : ₹ 6 295.00,₹ 5 977.00
https://www.nike.com/in/t/club-chino-shorts-fzfr3b/FZ5773-010,Nike Club,Men's Chino Shorts,MRP : ₹ 3 495.00,₹ 3 317.00
https://www.nike.com/in/t/fc-barcelona-2023-24-stadium-away-dri-fit-football-shorts-MHgwSL/DX2707-463,F.C. Barcelona 2023/24 Stadium Away,Men's Nike Dri-FIT Football Shorts,MRP : ₹ 2 795.00,₹ 2 657.00
https://www.nike.com/in/t/dri-fit-tapered-fitness-trousers-96ThDh/FB8578-476,Nike Dri-FIT,Men's Tapered Fitness Trousers,MRP : ₹ 3 995.00,₹ 3 797.00
https://www.nike.com/in/t/air-jordan-1-low-older-shoes-xLzJc6/553560-072,Air Jordan 1 Low,Older Kids' Shoes,MRP : ₹ 7 295.00,₹ 6 927.00
https://www.nike.com/in/t/jordan-flight-heritage-graphic-t-shirt-jvkVf9/FQ3240-615,Jordan Flight Heritage,Women's Graphic T-Shirt,MRP : ₹ 2 595.00,₹ 2 467.00
https://www.nike.com/in/t/air-vapormax-2023-flyknit-shoes-4LVgjW/DV6840-002,Nike Air VaporMax 2023 Flyknit,Women's Shoes,MRP : ₹ 19 295.00,₹ 18 327.00
https://www.nike.com/in/t/air-max-plus-shoes-Z0D37G/604133-148,Nike Air Max Plus,Men's Shoes,MRP : ₹ 15 995.00,₹ 15 197.00
https://www.nike.com/in/t/zenvy-tie-dye-gentle-support-high-waisted-7-8-leggings-MphNJP/FN4169-208,Nike Zenvy Tie-Dye,Women's Gentle-Support High-Waisted 7/8 Leggings (Plus Size),MRP : ₹ 5 495.00,₹ 5 217.00
https://www.nike.com/in/t/air-max-dawn-se-shoes-lc548d/FB8456-200,Nike Air Max Dawn SE,Women's Shoes,MRP : ₹ 11 895.00,₹ 11 297.00
https://www.nike.com/in/t/repel-trail-running-jacket-cHzXRg/DX1042-536,Nike Repel,Women's Trail-Running Jacket,MRP : ₹ 5 995.00,₹ 5 697.00
https://www.nike.com/in/t/jordan-sport-tunnel-trousers-B1BrVL/FB4659-010,Jordan Sport,Women's Tunnel Trousers,MRP : ₹ 5 995.00,₹ 5 697.00
https://www.nike.com/in/t/kawa-se-younger-older-slides-9XvL0F/FJ2872-001,Nike Kawa SE,Younger/Older Kids' Slides,MRP : ₹ 2 295.00,₹ 2 177.00
https://www.nike.com/in/t/cortez-shoes-0VH7qz/DM4044-103,Nike Cortez,Men's Shoes,MRP : ₹ 7 495.00,₹ 7 117.00
https://www.nike.com/in/t/gt-hustle-2-gte-ep-basketball-shoes-shx8KP/FV4139-001,Nike G.T. Hustle 2 GTE EP,Basketball Shoes,MRP : ₹ 16 995.00,₹ 16 147.00
https://www.nike.com/in/t/wio-10-road-running-shoes-GBqQMW/DV4022-001,Nike Winflo 10,Men's Road Running Shoes,MRP : ₹ 8 695.00,₹ 8 257.00
https://www.nike.com/in/t/phoenix-waffle-shoes-Px0WgL/FD2196-101,Nike Phoenix Waffle,Women's Shoes,MRP : ₹ 8 695.00,₹ 8 257.00
https://www.nike.com/in/t/infinityrn-4-road-running-shoes-xhpmN7/DR2670-600,Nike InfinityRN 4,Women's Road Running Shoes,MRP : ₹ 14 995.00,₹ 14 247.00
https://www.nike.com/in/t/phoenix-suns-2023-24-icon-edition-dri-fit-nba-swingman-jersey-PNJGqt/DV4855-570,Phoenix Suns 2023/24 Icon Edition,Nike Dri-FIT NBA Swingman Jersey,MRP : ₹ 5 995.00,₹ 5 697.00
https://www.nike.com/in/t/victory-pro-3-golf-shoes-ZhwcJ8/DX9028-010,Nike Victory Pro 3,Men's Golf Shoe (Wide),MRP : ₹ 10 795.00,₹ 10 257.00
https://www.nike.com/in/t/calm-flip-flops-mvR5GJ/FD4119-200,Nike Calm,Men's Flip-Flops,MRP : ₹ 3 895.00,₹ 3 697.00
https://www.nike.com/in/t/jordan-air-t-shirt-ZJdRQq/DM3182-604,Jordan Air,Men's T-Shirt,MRP : ₹ 1 795.00,₹ 1 707.00
https://www.nike.com/in/t/golf-club-golf-short-sleeve-top-5vD2qW/FD5775-010,Nike Golf Club,Men's Golf Short-Sleeve Top,MRP : ₹ 3 295.00,₹ 3 127.00
https://www.nike.com/in/t/jordan-stadium-90-older-shoes-2J5HrK/DX4399-130,Jordan Stadium 90,Older Kids' Shoes,MRP : ₹ 7 995.00,₹ 7 597.00
https://www.nike.com/in/t/air-max-97-older-shoes-rkRcFD/FV0638-001,Nike Air Max 97,Older Kids' Shoes,MRP : ₹ 11 195.00,₹ 10 637.00
https://www.nike.com/in/t/paris-saint-germain-2023-24-match-home-dri-fit-adv-football-shirt-DGXvFd/DX2620-411,Paris Saint-Germain 2023/24 Match Home,Men's Nike Dri-FIT ADV Football Shirt,MRP : ₹ 7 995.00,₹ 7 597.00
https://www.nike.com/in/t/gt-cut-academy-ep-basketball-shoes-DTdMPk/FB2598-101,Nike G.T. Cut Academy EP,Basketball Shoes,MRP : ₹ 8 495.00,₹ 8 067.00
https://www.nike.com/in/t/dri-fit-unlimited-18cm-2-in-1-versatile-shorts-RfSbKg/DV9335-451,Nike Dri-FIT Unlimited,Men's 18cm (approx.) 2-in-1 Versatile Shorts,MRP : ₹ 3 495.00,₹ 3 317.00
https://www.nike.com/in/t/jordan-brooklyn-fleece-shorts-DCdcGB/FN4535-604,Jordan Brooklyn Fleece,Men's Shorts,MRP : ₹ 3 095.00,₹ 2 937.00
https://www.nike.com/in/t/air-zoom-arcadia-2-younger-shoes-z8v8X7/DM8492-602,Nike Air Zoom Arcadia 2,Younger Kids' Shoes,MRP : ₹ 5 495.00,₹ 5 217.00
https://www.nike.com/in/t/sportswear-tech-fleece-mid-rise-joggers-GJwhkZ/FB8331-013,Nike Sportswear Tech Fleece,Women's Mid-Rise Joggers,MRP : ₹ 6 295.00,₹ 5 977.00
https://www.nike.com/in/t/ja-1-older-basketball-shoes-xRkvSK/FZ8326-001,JA 1,Older Kids' Basketball Shoes,MRP : ₹ 7 695.00,₹ 7 307.00
https://www.nike.com/in/t/jordan-flight-heritage-graphic-t-shirt-jvkVf9/FQ3240-436,Jordan Flight Heritage,Women's Graphic T-Shirt,MRP : ₹ 2 595.00,₹ 2 467.00
https://www.nike.com/in/t/air-force-1-07-next-nature-shoes-nCJ6Wb/DV3808-001,Nike Air Force 1 '07 Next Nature,Women's Shoes,MRP : ₹ 9 695.00,₹ 9 207.00
https://www.nike.com/in/t/kd16-ep-basketball-shoes-ZX0HSQ/DV2916-301,KD16 EP,Basketball Shoes,MRP : ₹ 13 995.00,₹ 13 297.00
https://www.nike.com/in/t/repel-unlimited-water-repellent-hooded-versatile-jacket-Nk4BDv/FB7552-084,Nike Repel Unlimited,Men's Water-Repellent Hooded Versatile Jacket,MRP : ₹ 5 495.00,₹ 5 217.00
https://www.nike.com/in/t/liverpool-fc-strike-dri-fit-football-shorts-p7qzhS/FD7097-060,Liverpool F.C. Strike,Men's Nike Dri-FIT Football Shorts,MRP : ₹ 2 795.00,₹ 2 657.00
https://www.nike.com/in/t/air-flight-huarache-shoes-0WjRTR/FJ4839-001,Nike Air Flight Huarache,Men's Shoes,MRP : ₹ 12 295.00,₹ 11 677.00
https://www.nike.com/in/t/wio-10-road-running-shoes-GBqQMW/DV4022-103,Nike Winflo 10,Men's Road Running Shoes,MRP : ₹ 8 695.00,₹ 8 257.00
https://www.nike.com/in/t/nikecourt-air-zoom-vapor-pro-2-hard-court-tennis-shoes-8cpW40/DR6191-105,NikeCourt Air Zoom Vapor Pro 2,Men's Hard Court Tennis Shoes,MRP : ₹ 10 795.00,₹ 10 257.00
https://www.nike.com/in/t/sportswear-air-fleece-oversized-high-rise-joggers-krw9mV/FB8052-010,Nike Sportswear Air,Women's Fleece Oversized High-Rise Joggers,MRP : ₹ 4 295.00,₹ 4 077.00
https://www.nike.com/in/t/cortez-vintage-suede-shoes-W670ZS/FJ2530-300,Nike Cortez Vintage Suede,Shoes,MRP : ₹ 8 695.00,₹ 8 257.00
https://www.nike.com/in/t/club-french-terry-shorts-LSVBtK/FB7796-010,Nike Club,Men's French Terry Shorts,MRP : ₹ 3 495.00,₹ 3 317.00
https://www.nike.com/in/t/phoenix-waffle-shoes-3jlqdG/FJ1409-001,Nike Phoenix Waffle,Women's Shoes,MRP : ₹ 8 695.00,₹ 8 257.00
https://www.nike.com/in/t/dri-fit-swoosh-short-sleeve-running-top-jtW23k/DQ6372-010,Nike Dri-FIT Swoosh,Women's Short-Sleeve Running Top,MRP : ₹ 2 195.00,₹ 2 087.00
https://www.nike.com/in/t/cortez-vintage-suede-shoes-W670ZS/FJ2530-300,Nike Cortez Vintage Suede,Shoes,MRP : ₹ 8 695.00,₹ 8 257.00
https://www.nike.com/in/t/club-french-terry-shorts-LSVBtK/FB7796-010,Nike Club,Men's French Terry Shorts,MRP : ₹ 3 495.00,₹ 3 317.00
https://www.nike.com/in/t/phoenix-waffle-shoes-3jlqdG/FJ1409-001,Nike Phoenix Waffle,Women's Shoes,MRP : ₹ 8 695.00,₹ 8 257.00
https://www.nike.com/in/t/dri-fit-swoosh-short-sleeve-running-top-jtW23k/DQ6372-010,Nike Dri-FIT Swoosh,Women's Short-Sleeve Running Top,MRP : ₹ 2 195.00,₹ 2 087.00
https://www.nike.com/in/t/pro-dri-fit-shorts-8jxLsr/DD1918-010,Nike Pro Dri-FIT,Men's Shorts,MRP : ₹ 1 495.00,₹ 1 417.00
https://www.nike.com/in/t/tech-hera-shoes-JlV5km/DR9761-700,Nike Tech Hera,Women's shoes,MRP : ₹ 9 695.00,₹ 9 207.00
https://www.nike.com/in/t/liverpool-fc-2023-24-stadium-home-dri-fit-football-shirt-gh1m0T/DX2692-688,Liverpool F.C. 2023/24 Stadium Home,Men's Nike Dri-FIT Football Shirt,MRP : ₹ 4 695.00,₹ 4 457.00
https://www.nike.com/in/t/air-force-1-mid-easyon-se-older-shoes-dn5Z4M/FQ3692-001,Nike Air Force 1 Mid EasyOn SE,Older Kids' Shoes,MRP : ₹ 8 695.00,₹ 8 257.00
https://www.nike.com/in/t/air-t-shirt-nXPkGl/FV8003-363,Nike Air,Women's T-Shirt,MRP : ₹ 2 695.00,₹ 2 557.00
https://www.nike.com/in/t/air-jordan-1-high-method-of-make-shoes-wvNP62/FB9891-600,Air Jordan 1 High Method of Make,Women's Shoes,MRP : ₹ 14 195.00,₹ 13 487.00
https://www.nike.com/in/t/air-jordan-xxxviii-low-pf-basketball-shoes-2lBnKn/FD2325-004,Air Jordan XXXVIII Low PF,Basketball Shoes,MRP : ₹ 17 295.00,₹ 16 427.00
https://www.nike.com/in/t/sportswear-tech-fleece-older-joggers-pZJx3L/FD2975-019,Nike Sportswear Tech Fleece,Older Kids' (Girls') Joggers,MRP : ₹ 4 795.00,₹ 4 557.00
https://www.nike.com/in/t/air-jordan-1-low-se-older-shoes-Hc1XxX/FZ5046-041,Air Jordan 1 Low SE,Older Kids' Shoes,MRP : ₹ 8 695.00,₹ 8 257.00
https://www.nike.com/in/t/air-max-1-se-older-shoes-V74dDk/FJ3286-001,Nike Air Max 1 SE,Older Kids' Shoes,MRP : ₹ 8 195.00,₹ 7 787.00
https://www.nike.com/in/t/zoom-vomero-5-shoes-pTGjFN/FQ7079-001,Nike Zoom Vomero 5,Women's Shoes,MRP : ₹ 14 995.00,₹ 14 247.00
https://www.nike.com/in/t/air-zoom-victory-athletics-distance-spikes-4MFFfp/CD4385-400,Nike Air Zoom Victory,Athletics Distance Spikes,MRP : ₹ 15 995.00,₹ 15 197.00
https://www.nike.com/in/t/air-max-excee-older-shoes-jnfW44/FB3058-005,Nike Air Max Excee,Older Kids' Shoes,MRP : ₹ 6 695.00,₹ 6 357.00
https://www.nike.com/in/t/tour-dri-fit-adv-golf-polo-xCJkQ9/FD5732-100,Nike Tour,Men's Dri-FIT ADV Golf Polo,MRP : ₹ 4 995.00,₹ 4 747.00
https://www.nike.com/in/t/air-force-1-older-shoes-53wz0t/FV5948-107,Nike Air Force 1,Older Kids' Shoes,MRP : ₹ 6 995.00,₹ 6 647.00
https://www.nike.com/in/t/club-unstructured-swoosh-cap-c7lT9H/FB5369-072,Nike Club,Unstructured Swoosh Cap,MRP : ₹ 1 195.00,₹ 1 137.00
https://www.nike.com/in/t/nikecourt-legacy-older-shoes-dBCJpZ/DA5380-121,NikeCourt Legacy,Older Kids' Shoes,MRP : ₹ 3 495.00,₹ 3 317.00
https://www.nike.com/in/t/lebron-xxi-ep-basketball-shoes-4tVgfH/FV2346-302,LeBron XXI EP,Basketball Shoes,MRP : ₹ 18 395.00,₹ 17 477.00
https://www.nike.com/in/t/dri-fit-trail-solar-chase-short-sleeve-trail-running-top-p9K6hw/DV9306-010,Nike Dri-FIT Trail Solar Chase,Men's Short-Sleeve Trail-Running Top,MRP : ₹ 3 495.00,₹ 3 317.00
https://www.nike.com/in/t/air-max-scorpion-flyknit-shoes-DP54Sv/DJ4702-002,Nike Air Max Scorpion Flyknit,Women's Shoes,MRP : ₹ 22 995.00,₹ 21 847.00
https://www.nike.com/in/t/mercurial-vapor-15-academy-indoor-court-low-top-football-shoes-kjqhHM/DJ5633-700,Nike Mercurial Vapor 15 Academy,Indoor Court Low-Top Football Shoes,MRP : ₹ 7 995.00,₹ 7 597.00
https://www.nike.com/in/t/force-1-low-lv8-easyon-younger-shoes-dmJkN3/FN0409-001,Nike Force 1 Low LV8 EasyOn,Younger Kids' Shoes,MRP : ₹ 6 495.00,₹ 6 167.00
https://www.nike.com/in/t/dri-fit-one-older-biker-shorts-XLGzJk/DZ4623-451,Nike Dri-FIT One,Older Kids' (Girls') Biker Shorts,MRP : ₹ 1 695.00,₹ 1 607.00
https://www.nike.com/in/t/air-max-ap-shoes-3Rdq04/CU4826-100,Nike Air Max AP,Men's Shoes,MRP : ₹ 8 295.00,₹ 7 877.00
https://www.nike.com/in/t/kawa-se-slides-7rdLGg/FJ2886-001,Nike Kawa SE,Baby/Toddler Slides,MRP : ₹ 1 895.00,₹ 1 797.00
https://www.nike.com/in/t/zegama-trail-running-shoes-LhRsM7/DH0623-403,Nike Zegama,Men's Trail-Running Shoes,MRP : ₹ 13 995.00,₹ 13 297.00
https://www.nike.com/in/t/jordan-heritage-t-shirt-KWjP5M/FN5424-010,Jordan Heritage,Women's T-shirt,MRP : ₹ 2 295.00,₹ 2 177.00
https://www.nike.com/in/t/lebron-witness-8-ep-basketball-shoes-fRP6ss/FB2237-002,LeBron Witness 8 EP,Basketball Shoes,MRP : ₹ 8 695.00,₹ 8 257.00
https://www.nike.com/in/t/jordan-distressed-cardigan-vCxxwS/FN5362-615,Jordan,Women's Distressed Cardigan,MRP : ₹ 7 495.00,₹ 7 117.00
https://www.nike.com/in/t/running-energy-stride-13cm-brief-lined-running-shorts-0kq0lM/FN3302-010,Nike Running Energy Stride,Men's 13cm (approx.) Brief-Lined Running Shorts,MRP : ₹ 3 495.00,₹ 3 317.00
https://www.nike.com/in/t/jordan-max-aura-5-shoes-ZBZ4Pz/DZ4353-006,Jordan Max Aura 5,Men's Shoes,MRP : ₹ 11 895.00,₹ 11 297.00
https://www.nike.com/in/t/air-max-ishod-shoes-pJPHs6/FB2393-100,Nike Air Max Ishod,Men's Shoes,MRP : ₹ 9 695.00,₹ 9 207.00
https://www.nike.com/in/t/sabrina-1-beyond-game-ep-basketball-shoes-ZK1Xwv/FQ3389-003,Sabrina 1 'Beyond the Game' EP,Basketball Shoes,MRP : ₹ 10 795.00,₹ 10 257.00
https://www.nike.com/in/t/sportswear-french-terry-crew-neck-sweatshirt-RF3ZSr/FZ4729-410,Nike Sportswear,Men's French Terry Crew-Neck Sweatshirt,MRP : ₹ 3 695.00,₹ 3 507.00
https://www.nike.com/in/t/zoom-blazer-mid-pro-gt-skate-shoes-6wzCZ1/FD0269-700,Nike Zoom Blazer Mid Pro GT,Skate Shoes,MRP : ₹ 8 695.00,₹ 8 257.00
https://www.nike.com/in/t/terminator-high-shoes-gNkJFC/FJ4199-100,Nike Terminator High,Men's Shoes,MRP : ₹ 12 795.00,₹ 12 157.00
https://www.nike.com/in/t/culture-of-football-football-jacket-jX7MHn/FN2396-010,Nike Culture of Football,Men's Therma-FIT Full-Zip Football Jacket,MRP : ₹ 14 995.00,₹ 14 247.00
https://www.nike.com/in/t/burrow-slippers-KQ7cbV/FJ6042-002,Nike Burrow,Women's Slippers,MRP : ₹ 4 995.00,₹ 4 747.00
https://www.nike.com/in/launch/r/FB3054-581,Nike,Kids' Drawstring Bag (12L),MRP : ₹ 895.00,₹ 847.00
https://www.nike.com/in/t/chelsea-fc-2023-24-stadium-away-dri-fit-football-shirt-HzkDbt/DX2683-428,Chelsea F.C. 2023/24 Stadium Away,Men's Nike Dri-FIT Football Shirt,MRP : ₹ 4 695.00,₹ 4 457.00
https://www.nike.com/in/t/jordan-sport-mid-weight-jacket-0bkwfZ/FD2637-010,Jordan Therma-FIT Sport,Men's Mid-weight Jacket,MRP : ₹ 7 995.00,₹ 7 597.00
https://www.nike.com/in/t/liverpool-fc-revival-third-football-woven-jacket-GgkBFD/DX8628-015,Liverpool F.C. Revival Third,Men's Nike Football Woven Jacket,MRP : ₹ 5 495.00,₹ 5 217.00
https://www.nike.com/in/t/air-jordan-1-low-se-older-shoes-1RtGMR/FQ7380-400,Air Jordan 1 Low SE,Older Kids' Shoes,MRP : ₹ 8 295.00,₹ 7 877.00
https://www.nike.com/in/t/air-max-systm-shoes-x3Bgkf/DQ0286-110,Nike Air Max SYSTM,Baby/Toddler Shoes,MRP : ₹ 4 495.00,₹ 4 267.00
https://www.nike.com/in/t/air-vapormax-2023-flyknit-shoes-JdMqJ0/FD3148-002,Nike Air VaporMax 2023 Flyknit,Women's shoes,MRP : ₹ 19 695.00,₹ 18 707.00
https://www.nike.com/in/t/force-1-low-lv8-easyon-younger-shoes-5WpBsm/FZ5522-161,Nike Force 1 Low LV8 EasyOn,Younger Kids' Shoes,MRP : ₹ 6 495.00,₹ 6 167.00
https://www.nike.com/in/t/jordan-one-take-5-pf-basketball-shoes-QQ243j/FQ3101-100,Jordan One Take 5 PF,Basketball Shoes,MRP : ₹ 8 695.00,₹ 8 257.00
https://www.nike.com/in/t/air-jordan-2-retro-low-older-shoes-vR9jGs/FJ6869-006,Air Jordan 2 Retro Low,Older Kids' Shoes,MRP : ₹ 9 695.00,₹ 9 207.00
https://www.nike.com/in/t/air-jordan-xxxviii-low-pf-basketball-shoes-2lBnKn/FD2325-100,Air Jordan XXXVIII Low PF,Basketball Shoes,MRP : ₹ 17 295.00,₹ 16 427.00
https://www.nike.com/in/t/sportswear-older-oversized-t-shirt-Vzh6CL/FN9692-423,Nike Sportswear,Older Kids' (Girls') Oversized T-Shirt,MRP : ₹ 1 795.00,₹ 1 707.00
https://www.nike.com/in/t/tiempo-legend-10-academy-low-top-football-shoes-2gKwhN/DV4342-700,Nike Tiempo Legend 10 Academy,Turf Low-Top Football Shoes,MRP : ₹ 7 495.00,₹ 7 117.00
https://www.nike.com/in/t/ja-dri-fit-basketball-t-shirt-Vj6TRv/FQ4911-100,JA,Men's Nike Dri-FIT Basketball T-shirt,MRP : ₹ 2 495.00,₹ 2 367.00
https://www.nike.com/in/t/jordan-stadium-90-shoes-0cSSz3/FB2269-100,Jordan Stadium 90,Women's Shoes,MRP : ₹ 12 795.00,₹ 12 157.00
https://www.nike.com/in/t/apex-bucket-hat-WgPVwP/FN4202-406,Nike Apex,Bucket Hat,MRP : ₹ 1 995.00,₹ 1 897.00
https://www.nike.com/in/t/max90-basketball-t-shirt-ZZj69N/FQ4915-121,Nike,Men's Max90 Basketball T-Shirt,MRP : ₹ 2 495.00,₹ 2 367.00
https://www.nike.com/in/t/sportswear-air-fleece-oversized-hoodie-hQsWgD/FB8048-010,Nike Sportswear Air,Women's Fleece Oversized Full-Zip Hoodie,MRP : ₹ 4 495.00,₹ 4 267.00
https://www.nike.com/in/t/dri-fit-hooded-fitness-pullover-hoodie-QHLZr0/FN3286-010,Nike,Men's Dri-FIT Hooded Fitness Pullover Hoodie,MRP : ₹ 3 795.00,₹ 3 607.00
https://www.nike.com/in/t/infinityrn-4-road-running-shoes-mLRjcz/DR2665-006,Nike InfinityRN 4,Men's Road Running Shoes,MRP : ₹ 14 995.00,₹ 14 247.00
https://www.nike.com/in/t/club-fleece-pullover-hoodie-dFp20V/FN3105-010,Nike Club Fleece,Men's Pullover Hoodie,MRP : ₹ 4 295.00,₹ 4 077.00
https://www.nike.com/in/t/air-max-pulse-roam-shoes-NSfkP0/DZ3544-200,Nike Air Max Pulse Roam,Men's Shoes,MRP : ₹ 14 995.00,₹ 14 247.00
https://www.nike.com/in/t/zoom-vomero-5-shoes-CrW9xf/FJ1915-200,Nike Zoom Vomero 5,Men's Shoes,MRP : ₹ 14 995.00,₹ 14 247.00
https://www.nike.com/in/t/air-jordan-1-mid-older-shoes-K5PDvv/FD8780-181,Air Jordan 1 Mid,Older Kids' Shoes,MRP : ₹ 7 995.00,₹ 7 597.00
https://www.nike.com/in/t/cortez-shoes-5VXMw4/FZ3594-338,Nike Cortez,Men's Shoes,MRP : ₹ 8 495.00,₹ 8 067.00
https://www.nike.com/in/t/standard-issue-dri-fit-pullover-hoodie-gpBqql/FN2703-010,Nike Standard Issue,Men's Dri-FIT Pullover Hoodie,MRP : ₹ 5 495.00,₹ 5 217.00
https://www.nike.com/in/t/zenvy-tie-dye-gentle-support-high-waisted-7-8-leggings-ZNLVWJ/FN4168-208,Nike Zenvy Tie-Dye,Women's Gentle-Support High-Waisted 7/8 Leggings,MRP : ₹ 5 495.00,₹ 5 217.00
https://www.nike.com/in/t/sportswear-tech-fleece-shorts-nMKjZ3/FB8172-063,Nike Sportswear Tech Fleece,Men's Shorts,MRP : ₹ 5 495.00,₹ 5 217.00
https://www.nike.com/in/t/zoom-gp-challenge-1-hard-court-tennis-shoes-GkKp0d/FB3147-101,Nike Zoom GP Challenge 1,Men's Hard Court Tennis Shoes,MRP : ₹ 13 995.00,₹ 13 297.00
https://www.nike.com/in/t/jordan-stadium-90-shoes-0cSSz3/FB2269-001,Jordan Stadium 90,Women's Shoes,MRP : ₹ 12 795.00,₹ 12 157.00
https://www.nike.com/in/t/phantom-luna-2-academy-tf-high-top-football-shoes-BmGW0z/FJ2566-100,Nike Phantom Luna 2 Academy,TF High-Top Football Shoes,MRP : ₹ 8 995.00,₹ 8 547.00
https://www.nike.com/in/t/dri-fit-one-older-leggings-with-pockets-sDZ8N5/FJ6089-010,Nike Dri-FIT One,Older Kids' (Girls') Leggings with Pockets,MRP : ₹ 2 495.00,₹ 2 367.00
https://www.nike.com/in/t/infinityrn-4-road-running-shoes-PW22k8/DR2670-010,Nike InfinityRN 4,Women's Road Running Shoes,MRP : ₹ 14 995.00,₹ 14 247.00
https://www.nike.com/in/t/dri-fit-one-older-training-leggings-5HfG1K/FB1077-894,Nike Dri-FIT One,Older Kids' (Girls') Training Leggings,MRP : ₹ 1 795.00,₹ 1 707.00
https://www.nike.com/in/t/acg-smith-summit-cargo-trousers-B11649/FN0429-437,"Nike ACG ""Smith Summit""",Men's Cargo Trousers,MRP : ₹ 10 495.00,₹ 9 967.00
https://www.nike.com/in/t/form-dri-fit-open-hem-versatile-trousers-j4WMRS/FB7491-451,Nike Form,Men's Dri-FIT Open-Hem Versatile Trousers,MRP : ₹ 2 795.00,₹ 2 657.00
https://www.nike.com/in/t/alpha-high-support-padded-zip-front-sports-bra-cFvqwr/DD0437-010,Nike Alpha,Women's High-Support Padded Zip-Front Sports Bra,MRP : ₹ 3 995.00,₹ 3 797.00
https://www.nike.com/in/t/gt-cut-academy-ep-basketball-shoes-DTdMPk/FB2598-002,Nike G.T. Cut Academy EP,Basketball Shoes,MRP : ₹ 8 495.00,₹ 8 067.00
https://www.nike.com/in/t/dri-fit-hooded-fitness-pullover-hoodie-QHLZr0/FN3286-068,Nike,Men's Dri-FIT Hooded Fitness Pullover Hoodie,MRP : ₹ 3 795.00,₹ 3 607.00
https://www.nike.com/in/t/zion-3-z-3d-pf-basketball-shoes-165ZqH/FZ1319-060,Zion 3 'Z-3D' PF,Basketball Shoes,MRP : ₹ 13 995.00,₹ 13 297.00
https://www.nike.com/in/t/infinityrn-4-road-running-shoes-kqzrHh/FZ3655-113,Nike InfinityRN 4,Women's Road Running Shoes,MRP : ₹ 15 995.00,₹ 15 197.00
https://www.nike.com/in/t/sportswear-tech-pack-dri-fit-short-sleeve-top-Bn1qLh/FB7393-371,Nike Sportswear Tech Pack,Men's Dri-FIT Short-Sleeve Top,MRP : ₹ 3 995.00,₹ 3 797.00
https://www.nike.com/in/t/air-max-excee-shoes-5HPlNC/FJ3232-001,Nike Air Max Excee,Women's Shoes,MRP : ₹ 9 695.00,₹ 9 207.00
https://www.nike.com/in/t/jordan-hex-mule-shoes-JTHQcM/DX6405-004,Jordan Hex Mule,Women's Shoes,MRP : ₹ 4 995.00,₹ 4 747.00
https://www.nike.com/in/t/nikecourt-vapor-lite-2-hard-court-tennis-shoes-8RL88H/DV2019-001,NikeCourt Vapor Lite 2,Women's Hard Court Tennis Shoes,MRP : ₹ 7 095.00,₹ 6 737.00
https://www.nike.com/in/t/air-max-1-shoes-h0SzNM/DZ2628-002,Nike Air Max 1,Women's shoes,MRP : ₹ 12 795.00,₹ 12 157.00
https://www.nike.com/in/t/metcon-9-easyon-workout-shoes-zTjxJZ/DZ2540-201,Nike Metcon 9 EasyOn,Women's Workout Shoes,MRP : ₹ 12 795.00,₹ 12 157.00
https://www.nike.com/in/t/repel-miler-running-jacket-Pprnvp/DD4747-084,Nike Repel Miler,Men's Running Jacket,MRP : ₹ 4 695.00,₹ 4 457.00
https://www.nike.com/in/t/liverpool-fc-2023-24-match-third-dri-fit-adv-football-shirt-gQtS13/DX9758-568,Liverpool F.C. 2023/24 Match Third,Men's Nike Dri-FIT ADV Football Shirt,MRP : ₹ 7 995.00,₹ 7 597.00
https://www.nike.com/in/t/jordan-sport-tunnel-trousers-B1BrVL/FB4659-259,Jordan Sport,Women's Tunnel Trousers,MRP : ₹ 5 995.00,₹ 5 697.00
https://www.nike.com/in/t/air-jordan-1-mid-shoes-86f1ZW/BQ6472-200,Air Jordan 1 Mid,Women's Shoes,MRP : ₹ 11 495.00,₹ 10 917.00
https://www.nike.com/in/t/cosmic-unity-3-basketball-shoes-hcwmW0/DV2757-003,Cosmic Unity 3,Basketball Shoes,MRP : ₹ 13 995.00,₹ 13 297.00
https://www.nike.com/in/t/jordan-flare-younger-shoe-8xqMTD/CI7849-302,Jordan Flare,Younger Kids' Shoe,MRP : ₹ 2 995.00,₹ 2 847.00
https://www.nike.com/in/t/blazer-mid-77-shoes-4qWCrg/DQ4124-106,Nike Blazer Mid '77,Women's Shoes,MRP : ₹ 8 895.00,₹ 8 447.00
https://www.nike.com/in/t/air-max-97-futura-shoes-r0gfkM/FB4496-201,Nike Air Max 97 Futura,Women's Shoes,MRP : ₹ 17 495.00,₹ 16 617.00
https://www.nike.com/in/t/air-max-270-shoes-V4DfZQ/AH6789-006,Nike Air Max 270,Women's Shoes,MRP : ₹ 13 995.00,₹ 13 297.00
https://www.nike.com/in/t/air-jordan-1-elevate-high-shoes-rKPNHR/DN3253-121,Air Jordan 1 Elevate High,Women's Shoes,MRP : ₹ 14 195.00,₹ 13 487.00
https://www.nike.com/in/t/phoenix-waffle-shoes-3jlqdG/FJ1409-500,Nike Phoenix Waffle,Women's Shoes,MRP : ₹ 8 695.00,₹ 8 257.00
https://www.nike.com/in/t/force-1-low-easyon-younger-shoes-bMPCZm/FN0237-107,Nike Force 1 Low EasyOn,Younger Kids' Shoes,MRP : ₹ 5 995.00,₹ 5 697.00
https://www.nike.com/in/t/unlimited-repel-jacket-NMQxZC/FZ4771-010,Nike Unlimited,Men's Repel Jacket,MRP : ₹ 6 495.00,₹ 6 167.00
https://www.nike.com/in/t/jordan-flight-fleece-washed-fleece-trousers-ZfC60x/FN5744-436,Jordan Flight Fleece,Women's Washed Fleece Trousers,MRP : ₹ 5 195.00,₹ 4 937.00
https://www.nike.com/in/t/paris-saint-germain-fleece-trousers-5t5vDn/DZ2949-011,Paris Saint-Germain,Men's Fleece Trousers,MRP : ₹ 3 995.00,₹ 3 797.00
https://www.nike.com/in/t/zoom-fly-5-road-running-shoes-sgfZQr/FQ7679-800,Nike Zoom Fly 5 Premium,Men's Road Running Shoes,MRP : ₹ 15 995.00,₹ 15 197.00
https://www.nike.com/in/t/air-force-1-lv8-older-shoes-5fHX3H/FZ5529-103,Nike Air Force 1 LV8,Older Kids' Shoes,MRP : ₹ 8 295.00,₹ 7 877.00
https://www.nike.com/in/t/attack-shoes-nrTZPJ/FN0648-300,Nike Attack,Men's Shoes,MRP : ₹ 10 795.00,₹ 10 257.00
https://www.nike.com/in/t/paris-saint-germain-strike-third-jordan-dri-fit-football-short-sleeve-top-rXBBhk/DZ0786-231,Paris Saint-Germain Strike Third,Men's Jordan Dri-FIT Football Short-Sleeve Top,MRP : ₹ 2 795.00,₹ 2 657.00
https://www.nike.com/in/t/liverpool-fc-2023-24-stadium-away-dri-fit-football-shirt-r3tMjm/DX2690-101,Liverpool F.C. 2023/24 Stadium Away,Men's Nike Dri-FIT Football Shirt,MRP : ₹ 4 695.00,₹ 4 457.00
https://www.nike.com/in/t/dri-fit-fitness-t-shirt-1sx50K/FJ2368-100,Nike Dri-FIT,Men's Fitness T-Shirt,MRP : ₹ 1 795.00,₹ 1 707.00
https://www.nike.com/in/t/versair-workout-shoes-Z72kfr/DZ3547-100,Nike Versair,Women's Workout Shoes,MRP : ₹ 11 895.00,₹ 11 297.00
https://www.nike.com/in/t/air-max-1-older-shoes-8Gj22m/DZ3307-104,Air Max 1,Older Kids' Shoes,MRP : ₹ 7 495.00,₹ 7 117.00
https://www.nike.com/in/t/air-jordan-1-low-se-craft-older-shoes-ZcCzsX/FQ7757-001,Air Jordan 1 Low SE Craft,Older Kids' Shoes,MRP : ₹ 8 295.00,₹ 7 877.00
https://www.nike.com/in/t/lebron-nxxt-gen-ampd-ep-basketball-shoes-G2Xh7F/FJ1567-500,LeBron NXXT Gen AMPD EP,Basketball Shoes,MRP : ₹ 14 995.00,₹ 14 247.00
https://www.nike.com/in/t/air-jordan-1-low-shoes-459b4T/DC0774-170,Air Jordan 1 Low,Women's Shoes,MRP : ₹ 8 295.00,₹ 7 877.00
https://www.nike.com/in/t/sportswear-trend-older-high-waisted-woven-shorts-SFpjwL/FJ1560-536,Nike Sportswear Trend,Older Kids' (Girls') High-waisted Woven Shorts,MRP : ₹ 2 495.00,₹ 2 367.00
https://www.nike.com/in/t/jordan-post-slides-l46X9x/DX5575-701,Jordan Post,Men's Slides,MRP : ₹ 2 195.00,₹ 2 087.00
https://www.nike.com/in/t/lebron-xxi-conchiolin-ep-basketball-shoes-zDCDM8/HF5842-100,"LeBron XXI ""Conchiolin"" EP",Basketball Shoes,MRP : ₹ 18 395.00,₹ 17 477.00
https://www.nike.com/in/t/heritage-backpack-NJLKLd/FB3040-276,Nike Heritage,Backpack (25L),MRP : ₹ 2 795.00,₹ 2 657.00
https://www.nike.com/in/t/air-max-excee-shoes-hlRStc/FQ8738-010,Nike Air Max Excee,Shoes,MRP : ₹ 8 695.00,₹ 8 257.00
https://www.nike.com/in/t/air-max-excee-shoes-hlRStc/FQ8738-010,Nike Air Max Excee,Shoes,MRP : ₹ 8 695.00,₹ 8 257.00
https://www.nike.com/in/t/air-force-1-07-lx-shoes-mj705n/FZ5066-111,Nike Air Force 1 '07 LX,Women's Shoes,MRP : ₹ 11 895.00,₹ 11 297.00
https://www.nike.com/in/t/court-legacy-lift-shoes-Rwtb5P/FJ1986-600,Nike Court Legacy Lift,Women's Shoes,MRP : ₹ 7 495.00,₹ 7 117.00
https://www.nike.com/in/t/air-vapormax-2023-flyknit-shoes-4LVgjW/DV6840-100,Nike Air VaporMax 2023 Flyknit,Women's Shoes,MRP : ₹ 19 295.00,₹ 18 327.00
https://www.nike.com/in/t/force-1-low-easyon-shoes-kGpRmV/FN0236-103,Nike Force 1 Low EasyOn,Baby/Toddler Shoes,MRP : ₹ 4 595.00,₹ 4 367.00
https://www.nike.com/in/t/sportswear-long-sleeve-max90-t-shirt-pVZXq4/FQ3771-100,Nike Sportswear,Men's Long-Sleeve Max90 T-Shirt,MRP : ₹ 3 095.00,₹ 2 937.00
https://www.nike.com/in/t/air-older-french-terry-trousers-66jvmM/FN8612-208,Nike Air,Older Kids' (Girls') French Terry Trousers,MRP : ₹ 3 495.00,₹ 3 317.00
https://www.nike.com/in/t/invincible-3-road-running-shoes-FBZZ59/DR2615-001,Nike Invincible 3,Men's Road Running Shoes,MRP : ₹ 16 995.00,₹ 16 147.00
https://www.nike.com/in/t/precision-6-basketball-shoes-h5907m/DD9535-003,Nike Precision 6,Basketball Shoes,MRP : ₹ 5 695.00,₹ 5 407.00
https://www.nike.com/in/t/air-jordan-1-low-se-older-shoes-HgL6SM/FQ8156-142,Air Jordan 1 Low SE,Older Kids' Shoes,MRP : ₹ 8 295.00,₹ 7 877.00
https://www.nike.com/in/t/golf-club-dri-fit-golf-trousers-fZ7RXl/FD5747-010,Nike Golf Club,Men's Dri-FIT Golf Trousers,MRP : ₹ 4 995.00,₹ 4 747.00
https://www.nike.com/in/t/air-oversized-woven-bomber-jacket-vPH4k6/FN1909-010,Nike Air,Women's Oversized Woven Bomber Jacket,MRP : ₹ 7 295.00,₹ 6 927.00
https://www.nike.com/in/t/zenvy-gentle-support-high-waisted-7-8-leggings-m78Wdj/DQ6016-441,Nike Zenvy,Women's Gentle-Support High-Waisted 7/8 Leggings,MRP : ₹ 5 495.00,₹ 5 217.00
https://www.nike.com/in/t/offcourt-slides-kJDhS7/BQ4632-110,Nike Offcourt,Women's Slides,MRP : ₹ 2 495.00,₹ 2 367.00
https://www.nike.com/in/t/juniper-trail-2-gore-tex-waterproof-trail-running-shoes-Ckc0fn/FB2065-001,Nike Juniper Trail 2 GORE-TEX,Women's Waterproof Trail-Running Shoes,MRP : ₹ 10 295.00,₹ 9 777.00
https://www.nike.com/in/t/nikecourt-legacy-canvas-shoes-L6X9xF/CZ0294-602,NikeCourt Legacy Canvas,Women's Shoes,MRP : ₹ 3 995.00,₹ 3 797.00
https://www.nike.com/in/t/liverpool-fc-academy-pro-third-dri-fit-football-pre-match-top-DtkX9R/DZ1341-554,Liverpool F.C. Academy Pro Third,Men's Nike Dri-FIT Football Pre-Match Top,MRP : ₹ 3 795.00,₹ 3 607.00
https://www.nike.com/in/t/air-force-1-se-older-shoes-JZxkSx/FZ1615-100,Nike Air Force 1 SE,Older Kids' Shoes,MRP : ₹ 7 495.00,₹ 7 117.00
https://www.nike.com/in/t/sportswear-essential-mid-rise-trousers-NST6cV/DM6184-010,Nike Sportswear Essential,Women's Mid-Rise Trousers,MRP : ₹ 4 295.00,₹ 4 077.00
https://www.nike.com/in/t/acg-moc-shoes-hSTKL1/FV4574-500,Nike ACG Moc Premium,Men's Shoes,MRP : ₹ 8 695.00,₹ 8 257.00
https://www.nike.com/in/t/lebron-xxi-tahitian-older-basketball-shoes-Q0HDBH/FB7699-001,LeBron XXI 'Tahitian',Older Kids' Basketball Shoes,MRP : ₹ 11 295.00,₹ 10 727.00
https://www.nike.com/in/t/dri-fit-all-over-print-short-sleeve-yoga-top-fHz8s2/DX0923-060,Nike Dri-FIT,Men's All-Over Print Short-Sleeve Yoga Top,MRP : ₹ 3 695.00,₹ 3 507.00
https://www.nike.com/in/t/dunk-low-lx-nbhd-shoes-D1868r/FB7720-001,Nike Dunk Low LX NBHD,Women's Shoes,MRP : ₹ 10 795.00,₹ 10 257.00
https://www.nike.com/in/t/dri-fit-starting-5-basketball-jersey-d269Hh/DQ5829-070,Nike Dri-FIT Starting 5,Men's Basketball Jersey,MRP : ₹ 2 195.00,₹ 2 087.00
https://www.nike.com/in/t/air-trainer-1-shoes-8dJ90B/FJ4183-100,Nike Air Trainer 1,Men's Shoes,MRP : ₹ 11 895.00,₹ 11 297.00
https://www.nike.com/in/t/sportswear-older-dri-fit-crew-neck-sweatshirt-pjlcBb/FN8652-222,Nike Sportswear,Older Kids' (Girls') Dri-FIT Crew-Neck Sweatshirt,MRP : ₹ 2 695.00,₹ 2 557.00
https://www.nike.com/in/t/sportswear-oversized-1-2-zip-crop-fleece-sweatshirt-9J0cm0/FZ4737-141,Nike Sportswear,Women's Oversized 1/2-Zip Crop Fleece Sweatshirt,MRP : ₹ 3 995.00,₹ 3 797.00
https://www.nike.com/in/t/older-repel-long-sleeve-1-2-zip-jacket-KJXRwr/FN8318-323,Nike,Older Kids' (Boys') Repel Long-Sleeve 1/2-Zip Jacket,MRP : ₹ 3 695.00,₹ 3 507.00
https://www.nike.com/in/t/jordan-flight-essentials-t-shirt-86ts7P/FN5964-133,Jordan Flight Essentials,Men's T-Shirt,MRP : ₹ 2 295.00,₹ 2 177.00
https://www.nike.com/in/t/go-firm-support-high-waisted-cropped-leggings-with-pockets-zPhQwN/DQ5882-010,Nike Go,Women's Firm-Support High-Waisted Cropped Leggings with Pockets,MRP : ₹ 5 795.00,₹ 5 507.00
https://www.nike.com/in/t/sportswear-tech-fleece-high-waisted-slim-zip-trousers-Wp76dN/FN7130-013,Nike Sportswear Tech Fleece,Women's High-Waisted Slim Zip Trousers,MRP : ₹ 6 495.00,₹ 6 167.00
https://www.nike.com/in/t/acg-beanie-nbFkxv/FJ6297-893,Nike ACG,Beanie,MRP : ₹ 2 495.00,₹ 2 367.00
https://www.nike.com/in/t/phantom-luna-2-academy-mg-high-top-football-boot-15SPD6/FD6725-100,Nike Phantom Luna 2 Academy,MG High-Top Football Boot,MRP : ₹ 8 995.00,₹ 8 547.00
https://www.nike.com/in/t/dna-dri-fit-basketball-jersey-xR0fWB/FQ3708-011,Nike DNA,Men's Dri-FIT Basketball Jersey,MRP : ₹ 2 495.00,₹ 2 367.00
https://www.nike.com/in/t/go-flyease-easy-on-off-shoes-3svRCL/DR5540-200,Nike Go FlyEase,Easy On/Off Shoes,MRP : ₹ 11 895.00,₹ 11 297.00
https://www.nike.com/in/t/air-max-1-easyon-younger-shoes-Hgp7Pt/DZ3308-004,Nike Air Max 1 EasyOn,Younger Kids' Shoes,MRP : ₹ 6 495.00,₹ 6 167.00
https://www.nike.com/in/t/sportswear-essentials-long-sleeve-t-shirt-HVdNRM/DO7391-100,Nike Sportswear Premium Essentials,Men's Long-Sleeve T-Shirt,MRP : ₹ 2 695.00,₹ 2 557.00
https://www.nike.com/in/t/air-zoom-infinity-tour-next-golf-shoes-Gqt3ZQ/DM8446-001,Nike Air Zoom Infinity Tour NEXT%,Men's Golf Shoe (Wide),MRP : ₹ 14 995.00,₹ 14 247.00
https://www.nike.com/in/t/sportswear-french-terry-crew-neck-sweatshirt-RF3ZSr/FZ4729-141,Nike Sportswear,Men's French Terry Crew-Neck Sweatshirt,MRP : ₹ 3 695.00,₹ 3 507.00
https://www.nike.com/in/t/legend-essential-3-next-nature-workout-shoes-sJBRlm/DM1119-603,Nike Legend Essential 3 Next Nature,Women's Workout Shoes,MRP : ₹ 4 995.00,₹ 4 747.00
https://www.nike.com/in/t/life-long-sleeve-oxford-button-down-shirt-H3HB1W/FN3126-307,Nike Life,Men's Long-Sleeve Oxford Button-Down Shirt,MRP : ₹ 4 995.00,₹ 4 747.00
https://www.nike.com/in/t/air-max-pulse-roam-shoes-NSfkP0/DZ3544-201,Nike Air Max Pulse Roam,Men's Shoes,MRP : ₹ 14 995.00,₹ 14 247.00
https://www.nike.com/in/t/dunk-low-shoes-t6MW03/FZ3551-612,Nike Dunk Low,Baby/Toddler Shoes,MRP : ₹ 4 595.00,₹ 4 367.00
https://www.nike.com/in/t/totality-dri-fit-open-hem-versatile-trousers-94PBQH/FB7508-010,Nike Totality,Men's Dri-FIT Open Hem Versatile Trousers,MRP : ₹ 2 795.00,₹ 2 657.00
https://www.nike.com/in/t/air-max-ap-shoe-twPB9x/CU4870-113,Nike Air Max AP,Women's Shoe,MRP : ₹ 8 295.00,₹ 7 877.00
https://www.nike.com/in/t/max90-basketball-t-shirt-ZZj69N/FQ4915-276,Nike,Men's Max90 Basketball T-Shirt,MRP : ₹ 2 495.00,₹ 2 367.00
https://www.nike.com/in/t/go-firm-support-high-waisted-leggings-with-pockets-KqcmWG/DQ5669-010,Nike Go,Women's Firm-Support High-Waisted Leggings with Pockets,MRP : ₹ 5 795.00,₹ 5 507.00
https://www.nike.com/in/t/air-max-systm-shoes-hLmQ85/DM9537-001,Nike Air Max SYSTM,Men's Shoes,MRP : ₹ 8 595.00,₹ 8 167.00
https://www.nike.com/in/t/gt-cut-3-ep-basketball-shoes-DGJp2L/DV2918-401,Nike G.T. Cut 3 EP,Basketball Shoes,MRP : ₹ 17 495.00,₹ 16 617.00
https://www.nike.com/in/t/jordan-brooklyn-fleece-shorts-DCdcGB/FN4535-091,Jordan Brooklyn Fleece,Men's Shorts,MRP : ₹ 3 095.00,₹ 2 937.00
https://www.nike.com/in/t/dunk-low-twist-shoes-V6NqFG/DZ2794-700,Nike Dunk Low Twist,Women's Shoes,MRP : ₹ 9 695.00,₹ 9 207.00
https://www.nike.com/in/t/sportswear-rpm-tote-jFbB3S/FJ0439-010,Nike Sportswear,RPM Tote (26L),MRP : ₹ 5 495.00,₹ 5 217.00
https://www.nike.com/in/t/sb-vertebrae-shoes-Zlnwhs/FD4691-102,Nike SB Vertebrae,Men's Shoes,MRP : ₹ 7 495.00,₹ 7 117.00
https://www.nike.com/in/t/dynamo-2-easyon-shoes-lmGSBM/FD0554-400,Nike Dynamo 2 EasyOn,Baby/Toddler Shoes,MRP : ₹ 4 295.00,₹ 4 077.00
https://www.nike.com/in/t/golf-club-golf-short-sleeve-top-5vD2qW/FD5775-343,Nike Golf Club,Men's Golf Short-Sleeve Top,MRP : ₹ 3 295.00,₹ 3 127.00
https://www.nike.com/in/t/invincible-3-road-running-shoes-ghzQjn/DR2660-601,Nike Invincible 3,Women's Road Running Shoes,MRP : ₹ 16 995.00,₹ 16 147.00
https://www.nike.com/in/t/air-force-1-07-shoes-rKDDnV/FZ3597-133,Nike Air Force 1 '07,Women's Shoes,MRP : ₹ 9 695.00,₹ 9 207.00
https://www.nike.com/in/t/jordan-brooklyn-fleece-shorts-qRQFs6/FN4497-010,Jordan Brooklyn Fleece,Women's Shorts,MRP : ₹ 2 695.00,₹ 2 557.00
https://www.nike.com/in/t/air-jordan-1-low-se-shoes-nxMDqp/FZ3972-294,Air Jordan 1 Low SE,Women's Shoes,MRP : ₹ 11 895.00,₹ 11 297.00
https://www.nike.com/in/t/club-french-terry-shorts-CsLJTV/FV5137-410,Nike Club,Men's French Terry Shorts,MRP : ₹ 3 695.00,₹ 3 507.00
https://www.nike.com/in/t/dri-fit-unlimited-18cm-unlined-versatile-shorts-br19dq/DV9341-084,Nike Dri-FIT Unlimited,Men's 18cm (approx.) Unlined Versatile Shorts,MRP : ₹ 2 995.00,₹ 2 847.00
https://www.nike.com/in/t/cortez-shoes-fc340H/HF4268-113,Nike Cortez,Women's Shoes,MRP : ₹ 8 495.00,₹ 8 067.00
https://www.nike.com/in/t/jordan-flight-fleece-diamond-shorts-zxn1Hb/FN5418-244,Jordan Flight Fleece,Women's Diamond Shorts,MRP : ₹ 3 795.00,₹ 3 607.00
https://www.nike.com/in/t/dynamo-2-easyon-shoes-lmGSBM/FD0554-600,Nike Dynamo 2 EasyOn,Baby/Toddler Shoes,MRP : ₹ 4 295.00,₹ 4 077.00
https://www.nike.com/in/t/court-borough-low-recraft-older-shoes-cg2qJ0/DV5456-108,Nike Court Borough Low Recraft,Older Kids' Shoes,MRP : ₹ 4 495.00,₹ 4 267.00
https://www.nike.com/in/t/impact-4-basketball-shoes-CcJxBx/DM1124-402,Nike Impact 4,Basketball Shoes,MRP : ₹ 8 495.00,₹ 8 067.00
https://www.nike.com/in/t/paris-saint-germain-2023-24-match-away-dri-fit-adv-football-shirt-Drt8b0/DX2619-101,Paris Saint-Germain 2023/24 Match Away,Men's Nike Dri-FIT ADV Football Shirt,MRP : ₹ 7 995.00,₹ 7 597.00
https://www.nike.com/in/t/dunk-low-shoes-fhs947/FB9107-102,Nike Dunk Low,Baby/Toddler Shoes,MRP : ₹ 4 595.00,₹ 4 367.00
https://www.nike.com/in/t/sb-zoom-pogo-plus-skate-shoes-lSb78K/DV5469-600,Nike SB Zoom Pogo Plus,Skate Shoes,MRP : ₹ 7 495.00,₹ 7 117.00
https://www.nike.com/in/t/freak-5-ep-basketball-shoes-dPwdt7/DX4996-003,Freak 5 EP,Basketball Shoes,MRP : ₹ 11 495.00,₹ 10 917.00
https://www.nike.com/in/t/invincible-3-road-running-shoes-FBZZ59/DR2615-002,Nike Invincible 3,Men's Road Running Shoes,MRP : ₹ 16 995.00,₹ 16 147.00
https://www.nike.com/in/t/zoom-vomero-5-shoes-lPh3JX/FJ1910-300,Nike Zoom Vomero 5,Men's Shoes,MRP : ₹ 15 995.00,₹ 15 197.00
https://www.nike.com/in/t/air-max-plus-drift-shoes-FCM3Rg/FD4290-009,Nike Air Max Plus Drift,Men's Shoes,MRP : ₹ 16 295.00,₹ 15 477.00
https://www.nike.com/in/t/dunk-low-shoes-wbxcmN/DD1873-103,Nike Dunk Low,Women's Shoes,MRP : ₹ 8 295.00,₹ 7 877.00
https://www.nike.com/in/t/luka-2-pf-basketball-shoes-LM9ScX/DX9012-100,Luka 2 PF,Basketball Shoes,MRP : ₹ 11 895.00,₹ 11 297.00
https://www.nike.com/in/t/dynamo-go-easy-on-off-shoes-st92bW/DH3438-100,Nike Dynamo Go,Baby/Toddler Easy On/Off Shoes,MRP : ₹ 3 995.00,₹ 3 797.00
https://www.nike.com/in/t/dri-fit-rise-365-short-sleeve-running-top-TzvTdf/CZ9185-013,Nike Dri-FIT Rise 365,Men's Short-Sleeve Running Top,MRP : ₹ 2 495.00,₹ 2 367.00
https://www.nike.com/in/t/jordan-stadium-90-shoes-0cSSz3/FB2269-101,Jordan Stadium 90,Women's Shoes,MRP : ₹ 12 795.00,₹ 12 157.00
https://www.nike.com/in/t/force-1-mid-easyon-shoes-lXgc9Q/FJ1918-111,Nike Force 1 Mid EasyOn,Baby/Toddler Shoes,MRP : ₹ 5 095.00,₹ 4 837.00
https://www.nike.com/in/t/zenvy-rib-dri-fit-short-sleeve-cropped-top-6L2Q9g/FN7468-491,Nike Zenvy Rib,Women's Dri-FIT Short-Sleeve Cropped Top,MRP : ₹ 3 695.00,₹ 3 507.00
https://www.nike.com/in/t/gp-challenge-pro-hard-court-tennis-shoes-cR47VK/FB3145-101,Nike GP Challenge Pro,Men's Hard Court Tennis Shoes,MRP : ₹ 9 695.00,₹ 9 207.00
https://www.nike.com/in/t/air-zoom-victory-tour-3-nrg-golf-shoes-FW2tG7/FJ2242-100,Nike Air Zoom Victory Tour 3 NRG,Golf Shoes (Extra Wide),MRP : ₹ 19 295.00,₹ 18 327.00
https://www.nike.com/in/t/giannis-freak-5-older-basketball-shoes-r2FjbC/DZ4486-004,Giannis Freak 5,Older Kids' Basketball Shoes,MRP : ₹ 7 495.00,₹ 7 117.00
https://www.nike.com/in/t/go-firm-support-high-waisted-7-8-leggings-with-pockets-frbRZ0/DQ5640-491,Nike Go,Women's Firm-Support High-Waisted 7/8 Leggings with Pockets,MRP : ₹ 5 795.00,₹ 5 507.00
https://www.nike.com/in/t/air-max-scorpion-flyknit-shoes-4dWrx1/DJ4701-003,Nike Air Max Scorpion Flyknit,Men's Shoes,MRP : ₹ 22 995.00,₹ 21 847.00
https://www.nike.com/in/t/pegasus-trail-4-gore-tex-waterproof-trail-running-shoes-Z9t8Fh/DJ7929-005,Nike Pegasus Trail 4 GORE-TEX,Women's Waterproof Trail-Running Shoes,MRP : ₹ 14 995.00,₹ 14 247.00
https://www.nike.com/in/t/court-vision-alta-shoes-p7Dnlp/DM0113-600,Nike Court Vision Alta,Women's Shoes,MRP : ₹ 5 995.00,₹ 5 697.00
https://www.nike.com/in/t/sportswear-phoenix-cosy-boucle-light-support-non-padded-knit-bra-CLBBjc/FD4275-077,Nike Sportswear Phoenix Cosy Bouclé,Women's Light-Support Non-Padded Knit Bra,MRP : ₹ 2 895.00,₹ 2 747.00
https://www.nike.com/in/t/culture-of-basketball-older-pullover-fleece-hoodie-HZhJxw/FN8355-657,Nike Culture of Basketball,Older Kids' Pullover Fleece Hoodie,MRP : ₹ 3 395.00,₹ 3 227.00
https://www.nike.com/in/t/air-max-sc-older-shoe-2kp8c1/CZ5358-112,Nike Air Max SC,Older Kids' Shoe,MRP : ₹ 5 495.00,₹ 5 217.00
https://www.nike.com/in/t/jordan-dri-fit-sport-golf-diamond-shorts-6hMscL/DZ0557-754,Jordan Dri-FIT Sport,Men's Golf Diamond Shorts,MRP : ₹ 3 695.00,₹ 3 507.00
https://www.nike.com/in/t/dri-fit-basketball-t-shirt-XmLFLH/FN0796-030,Nike Dri-FIT,Men's Basketball T-shirt,MRP : ₹ 2 195.00,₹ 2 087.00
https://www.nike.com/in/t/nikecourt-slam-dri-fit-tennis-shorts-85MbV5/FD5219-365,NikeCourt Slam,Men's Dri-FIT Tennis Shorts,MRP : ₹ 3 695.00,₹ 3 507.00
https://www.nike.com/in/t/air-vapormax-2023-flyknit-shoes-JdMqJ0/FD3148-001,Nike Air VaporMax 2023 Flyknit,Women's shoes,MRP : ₹ 19 695.00,₹ 18 707.00
https://www.nike.com/in/t/sunray-protect-2-sandals-VjS6fW/943827-403,Nike Sunray Protect 2,Baby/Toddler Sandals,MRP : ₹ 2 495.00,₹ 2 367.00
https://www.nike.com/in/t/air-max-1-easyon-shoes-K6x2mJ/DZ3309-004,Air Max 1 EasyOn,Baby/Toddler Shoes,MRP : ₹ 5 695.00,₹ 5 407.00
https://www.nike.com/in/t/tech-hera-shoes-JlV5km/DR9761-800,Nike Tech Hera,Women's shoes,MRP : ₹ 9 695.00,₹ 9 207.00
https://www.nike.com/in/t/air-max-90-ltr-older-shoes-9xnt2B/CD6864-201,Nike Air Max 90 LTR,Older Kids' Shoes,MRP : ₹ 7 495.00,₹ 7 117.00
https://www.nike.com/in/t/infinityrn-4-road-running-shoes-mLRjcz/DR2665-001,Nike InfinityRN 4,Men's Road Running Shoes,MRP : ₹ 14 995.00,₹ 14 247.00
https://www.nike.com/in/t/nikecourt-air-zoom-vapor-pro-2-hard-court-tennis-shoes-8cpW40/DR6191-001,NikeCourt Air Zoom Vapor Pro 2,Men's Hard Court Tennis Shoes,MRP : ₹ 10 795.00,₹ 10 257.00
https://www.nike.com/in/t/flex-experience-run-12-road-running-shoes-3XtQ68/DV0740-002,Nike Flex Experience Run 12,Men's Road Running Shoes,MRP : ₹ 4 995.00,₹ 4 747.00
https://www.nike.com/in/t/multi-older-dri-fit-training-shorts-3Qp645/FV0269-084,Nike Multi+,Older Kids' Dri-FIT Training Shorts,MRP : ₹ 1 495.00,₹ 1 417.00
https://www.nike.com/in/t/go-firm-support-high-waisted-leggings-with-pockets-KqcmWG/DQ5669-237,Nike Go,Women's Firm-Support High-Waisted Leggings with Pockets,MRP : ₹ 5 795.00,₹ 5 507.00
https://www.nike.com/in/t/air-t-shirt-x9gnlB/DX7919-121,Nike Air,Women's T-Shirt,MRP : ₹ 2 595.00,₹ 2 467.00
https://www.nike.com/in/t/air-max-1-shoes-KcSx0w/HF4312-100,Nike Air Max 1,Men's Shoes,MRP : ₹ 12 795.00,₹ 12 157.00
https://www.nike.com/in/t/sportswear-t-shirt-KjH0KB/FQ3757-435,Nike Sportswear,T-Shirt,MRP : ₹ 1 895.00,₹ 1 797.00
https://www.nike.com/in/t/sb-chron-2-skate-shoe-vNX1Xx/DM3493-007,Nike SB Chron 2,Skate Shoe,MRP : ₹ 5 495.00,₹ 5 217.00
https://www.nike.com/in/t/lebron-xxi-aragonite-ep-basketball-shoes-0hgNkB/HF5466-300,LeBron XXI 'Aragonite' EP,Basketball Shoes,MRP : ₹ 18 395.00,₹ 17 477.00
https://www.nike.com/in/t/form-dri-fit-18cm-unlined-versatile-shorts-G5fc4J/FN3284-010,Nike Form,Men's Dri-FIT 18cm (approx.) Unlined Versatile Shorts,MRP : ₹ 2 495.00,₹ 2 367.00
https://www.nike.com/in/t/paris-saint-germain-2023-24-stadium-third-dri-fit-football-shorts-cCdlxQ/FD2324-010,Paris Saint-Germain 2023/24 Stadium Third,Men's Nike Dri-FIT Football Shorts,MRP : ₹ 2 495.00,₹ 2 367.00
https://www.nike.com/in/t/air-older-french-terry-trousers-Rrc0BN/DX5041-532,Nike Air,Older Kids' (Girls') French Terry Trousers,MRP : ₹ 2 595.00,₹ 2 467.00
https://www.nike.com/in/t/zion-graphic-fleece-pullover-hoodie-b0HHG8/FD2390-010,Zion,Graphic Fleece Pullover Hoodie,MRP : ₹ 3 995.00,₹ 3 797.00
https://www.nike.com/in/t/club-unstructured-futura-wash-cap-kXGcTl/FB5368-247,Nike Club,Unstructured Futura Wash Cap,MRP : ₹ 1 195.00,₹ 1 137.00
https://www.nike.com/in/t/dri-fit-starting-5-basketball-jersey-d269Hh/DQ5829-367,Nike Dri-FIT Starting 5,Men's Basketball Jersey,MRP : ₹ 2 195.00,₹ 2 087.00
https://www.nike.com/in/t/fc-barcelona-strike-dri-fit-football-tracksuit-jacket-W1MRdr/FJ5427-455,F.C. Barcelona Strike,Men's Nike Dri-FIT Football Tracksuit Jacket,MRP : ₹ 8 995.00,₹ 8 547.00
https://www.nike.com/in/t/jordan-stay-loyal-3-older-shoes-dpkhvM/FB9922-012,Jordan Stay Loyal 3,Older Kids' Shoes,MRP : ₹ 6 995.00,₹ 6 647.00
https://www.nike.com/in/t/sportswear-older-t-shirt-hMW468/FN9685-208,Nike Sportswear,Older Kids' (Girls') T-Shirt,MRP : ₹ 1 295.00,₹ 1 227.00
https://www.nike.com/in/t/tc-7900-shoes-M6plHb/DD9682-001,Nike TC 7900,Women's shoes,MRP : ₹ 10 995.00,₹ 10 447.00
https://www.nike.com/in/t/air-force-1-wild-shoes-FCjQ2C/FB2348-004,Nike Air Force 1 Wild,Women's Shoes,MRP : ₹ 12 795.00,₹ 12 157.00
https://www.nike.com/in/t/juniper-trail-2-trail-running-shoes-PT4wqk/DM0822-103,Nike Juniper Trail 2,Men's Trail-Running Shoes,MRP : ₹ 7 095.00,₹ 6 737.00
https://www.nike.com/in/t/lebron-xxi-older-basketball-shoes-2f7Wvf/FV1210-400,LeBron XXI,Older Kids' Basketball Shoes,MRP : ₹ 11 295.00,₹ 10 727.00
https://www.nike.com/in/t/acg-goat-rocks-dri-fit-adv-long-sleeve-uv-top-7wJKG6/FN8395-510,Nike ACG 'Goat Rocks',Men's Dri-FIT ADV Long-Sleeve UV Top,MRP : ₹ 3 695.00,₹ 3 507.00
https://www.nike.com/in/t/lebron-witness-8-ep-basketball-shoes-fRP6ss/FB2237-401,LeBron Witness 8 EP,Basketball Shoes,MRP : ₹ 8 695.00,₹ 8 257.00
https://www.nike.com/in/t/gt-cut-academy-ep-basketball-shoes-DTdMPk/FB2598-100,Nike G.T. Cut Academy EP,Basketball Shoes,MRP : ₹ 8 495.00,₹ 8 067.00
https://www.nike.com/in/t/fly-unstructured-tech-fleece-cap-p6mzdG/FB5367-063,Nike Fly,Unstructured Tech Fleece Cap,MRP : ₹ 1 995.00,₹ 1 897.00
https://www.nike.com/in/t/tc-7900-shoes-5pxlWt/HF4304-133,Nike TC 7900 Premium,Women's Shoes,MRP : ₹ 11 895.00,₹ 11 297.00
https://www.nike.com/in/t/air-max-1-sc-shoes-3H2dh3/FB9660-200,Nike Air Max 1 SC,Men's Shoes,MRP : ₹ 13 995.00,₹ 13 297.00
https://www.nike.com/in/t/sportswear-tech-fleece-shorts-nMKjZ3/FB8172-010,Nike Sportswear Tech Fleece,Men's Shorts,MRP : ₹ 5 495.00,₹ 5 217.00
https://www.nike.com/in/t/impact-4-basketball-shoes-CcJxBx/DM1124-006,Nike Impact 4,Basketball Shoes,MRP : ₹ 8 495.00,₹ 8 067.00
https://www.nike.com/in/t/force-1-low-lv8-easyon-shoes-7r2LQ0/FN0407-001,Nike Force 1 Low LV8 EasyOn,Baby/Toddler Shoes,MRP : ₹ 5 695.00,₹ 5 407.00
https://www.nike.com/in/t/sportswear-older-dri-fit-fleece-shorts-63JtCm/FN8609-222,Nike Sportswear,Older Kids' (Girls') Dri-FIT Fleece Shorts,MRP : ₹ 1 995.00,₹ 1 897.00
https://www.nike.com/in/t/gt-hustle-2-ep-basketball-shoes-Njc3Q0/DJ9404-103,Nike G.T. Hustle 2 EP,Basketball Shoes,MRP : ₹ 15 995.00,₹ 15 197.00
https://www.nike.com/in/t/sportswear-tech-pack-dri-fit-short-sleeve-top-Bn1qLh/FB7393-010,Nike Sportswear Tech Pack,Men's Dri-FIT Short-Sleeve Top,MRP : ₹ 3 995.00,₹ 3 797.00
https://www.nike.com/in/t/universa-support-high-waisted-7-8-leggings-with-pockets-77X1ds/DQ5898-441,Nike Universa,Women's Medium-Support High-Waisted 7/8 Leggings with Pockets,MRP : ₹ 5 495.00,₹ 5 217.00
https://www.nike.com/in/t/acg-air-exploraid-shoes-snLbzJ/FJ1920-100,Nike ACG Air Exploraid,Men's Shoes,MRP : ₹ 12 795.00,₹ 12 157.00
https://www.nike.com/in/t/zenvy-gentle-support-high-waisted-20cm-biker-shorts-t4Ffp9/DQ6004-441,Nike Zenvy,Women's Gentle-Support High-Waisted 20cm (approx.) Biker Shorts,MRP : ₹ 3 695.00,₹ 3 507.00
https://www.nike.com/in/t/air-max-pulse-shoes-QShhG8/DR0453-101,Nike Air Max Pulse,Men's Shoes,MRP : ₹ 13 995.00,₹ 13 297.00
https://www.nike.com/in/t/air-vapormax-2023-flyknit-shoes-xjVzw5/DV1678-101,Nike Air VaporMax 2023 Flyknit,Men's Shoes,MRP : ₹ 19 295.00,₹ 18 327.00
https://www.nike.com/in/t/jordan-stadium-90-shoes-djNxjt/FN0584-200,Jordan Stadium 90,Women's Shoes,MRP : ₹ 12 795.00,₹ 12 157.00
https://www.nike.com/in/t/strike-dri-fit-football-pants-H9f5qD/FN2406-011,Nike Strike,Men's Dri-FIT Football Pants,MRP : ₹ 3 695.00,₹ 3 507.00
https://www.nike.com/in/t/dri-fit-swoosh-running-tank-top-PcZpcH/FB4915-010,Nike Dri-FIT Swoosh,Women's Running Tank Top,MRP : ₹ 1 995.00,₹ 1 897.00
https://www.nike.com/in/t/air-max-1-slides-nMLg3B/FJ4007-200,Nike Air Max 1,Men's Slides,MRP : ₹ 6 295.00,₹ 5 977.00
https://www.nike.com/in/t/sportswear-sleeveless-jersey-wave-dye-top-2rpDZk/DV7925-113,Nike Sportswear,Women's Sleeveless Jersey Wave Dye Top,MRP : ₹ 3 295.00,₹ 3 127.00
https://www.nike.com/in/t/one-relaxed-dri-fit-short-sleeve-top-29BrXX/FN2815-491,Nike One Relaxed,Women's Dri-FIT Short-Sleeve Top,MRP : ₹ 2 495.00,₹ 2 367.00
https://www.nike.com/in/t/sportswear-sleeveless-jersey-wave-dye-top-2rpDZk/DV7925-113,Nike Sportswear,Women's Sleeveless Jersey Wave Dye Top,MRP : ₹ 3 295.00,₹ 3 127.00
https://www.nike.com/in/t/one-relaxed-dri-fit-short-sleeve-top-29BrXX/FN2815-491,Nike One Relaxed,Women's Dri-FIT Short-Sleeve Top,MRP : ₹ 2 495.00,₹ 2 367.00
https://www.nike.com/in/t/sportswear-futura-luxe-tote-JKBBdX/CW9303-276,Nike Sportswear Futura Luxe,Women's Tote (10L),MRP : ₹ 4 695.00,₹ 4 457.00
https://www.nike.com/in/t/sb-long-sleeve-flannel-skate-button-down-shirt-sD6pJC/FN2568-410,Nike SB,Long-Sleeve Flannel Skate Button-Down Shirt,MRP : ₹ 4 995.00,₹ 4 747.00
https://www.nike.com/in/t/trail-repel-running-jacket-l9rpgQ/FN6854-440,Nike Trail,Women's Repel Running Jacket,MRP : ₹ 5 995.00,₹ 5 697.00
https://www.nike.com/in/t/metcon-9-amp-workout-shoes-Dwx2GX/DZ2616-300,Nike Metcon 9 AMP,Men's Workout Shoes,MRP : ₹ 12 795.00,₹ 12 157.00
https://www.nike.com/in/t/elite-nba-crew-socks-nBqswW/SX7587-010,Nike Elite,NBA Crew Socks,MRP : ₹ 1 095.00,₹ 1 037.00
https://www.nike.com/in/t/everyday-essentials-crew-socks-NVhKs9/FN3149-900,Nike Everyday Essentials,Crew Socks (2 Pairs),MRP : ₹ 1 295.00,₹ 1 227.00
https://www.nike.com/in/t/unicorn-dri-fit-adv-cushioned-crew-socks-dndqGS/FZ3399-101,Nike Unicorn,Dri-FIT ADV Cushioned Crew Socks (1 Pair),MRP : ₹ 1 395.00,₹ 1 327.00
https://www.nike.com/in/t/jordan-everyday-no-show-socks-cT9mkH/DX9656-010,Jordan,Everyday No-Show Socks (3 Pairs),MRP : ₹ 1 295.00,₹ 1 227.00
https://www.nike.com/in/t/squad-otc-football-socks-wDG76R/SX6830-100,Nike Squad OTC,Football Socks,MRP : ₹ 995.00,₹ 947.00
https://www.nike.com/in/t/acg-outdoor-cushioned-crew-socks-wklxjC/DV5465-101,Nike ACG,Outdoor Cushioned Crew Socks,MRP : ₹ 1 595.00,₹ 1 517.00
https://www.nike.com/in/t/racing-ankle-socks-5fCzSN/SK0122-010,Nike Racing,Ankle Socks,MRP : ₹ 1 395.00,₹ 1 327.00
https://www.nike.com/in/t/squad-otc-football-socks-wDG76R/SX6830-011,Nike Squad OTC,Football Socks,MRP : ₹ 995.00,₹ 947.00
https://www.nike.com/in/t/dri-fit-trail-running-crew-socks-jpnMKv/CU7203-010,Nike Dri-FIT,Trail-Running Crew Socks,MRP : ₹ 1 495.00,₹ 1 417.00
https://www.nike.com/in/t/jordan-everyday-no-show-socks-cT9mkH/DX9656-100,Jordan,Everyday No-Show Socks (3 Pairs),MRP : ₹ 1 295.00,₹ 1 227.00
